Datum,Scenarij_1,Scenarij_2,Scenarij_3,Scenarij_4,Scenarij_5,Scenarij_6,Scenarij_7,Scenarij_8,Scenarij_9,Scenarij_10,Scenarij_11,Scenarij_12,Scenarij_13,Scenarij_14,Scenarij_15,Scenarij_16,Scenarij_17,Scenarij_18,Scenarij_19,Scenarij_20,Scenarij_21,Scenarij_22,Scenarij_23,Scenarij_24,Scenarij_25,Scenarij_26,Scenarij_27,Scenarij_28,Scenarij_29,Scenarij_30,Scenarij_31,Scenarij_32,Scenarij_33,Scenarij_34,Scenarij_35,Scenarij_36,Scenarij_37,Scenarij_38,Scenarij_39,Scenarij_40,Scenarij_41,Scenarij_42,Scenarij_43,Scenarij_44,Scenarij_45,Scenarij_46,Scenarij_47,Scenarij_48,Scenarij_49,Scenarij_50,Scenarij_51,Scenarij_52,Scenarij_53,Scenarij_54,Scenarij_55,Scenarij_56,Scenarij_57,Scenarij_58,Scenarij_59,Scenarij_60,Scenarij_61,Scenarij_62,Scenarij_63,Scenarij_64,Scenarij_65,Scenarij_66,Scenarij_67,Scenarij_68,Scenarij_69,Scenarij_70,Scenarij_71,Scenarij_72,Scenarij_73,Scenarij_74,Scenarij_75,Scenarij_76,Scenarij_77,Scenarij_78,Scenarij_79,Scenarij_80,Scenarij_81,Scenarij_82,Scenarij_83,Scenarij_84,Scenarij_85,Scenarij_86,Scenarij_87,Scenarij_88,Scenarij_89,Scenarij_90,Scenarij_91,Scenarij_92,Scenarij_93,Scenarij_94,Scenarij_95,Scenarij_96,Scenarij_97,Scenarij_98,Scenarij_99,Scenarij_100
2020-01-17,50.00,50.00,50.00,50.00,50.00,50.00,50.00,50.00,50.00,50.00,50.00,50.00,50.00,50.00,50.00,50.00,50.00,50.00,50.00,50.00,50.00,50.00,50.00,50.00,50.00,50.00,50.00,50.00,50.00,50.00,50.00,50.00,50.00,50.00,50.00,50.00,50.00,50.00,50.00,50.00,50.00,50.00,50.00,50.00,50.00,50.00,50.00,50.00,50.00,50.00,50.00,50.00,50.00,50.00,50.00,50.00,50.00,50.00,50.00,50.00,50.00,50.00,50.00,50.00,50.00,50.00,50.00,50.00,50.00,50.00,50.00,50.00,50.00,50.00,50.00,50.00,50.00,50.00,50.00,50.00,50.00,50.00,50.00,50.00,50.00,50.00,50.00,50.00,50.00,50.00,50.00,50.00,50.00,50.00,50.00,50.00,50.00,50.00,50.00,50.00
2020-01-18,50.85,50.16,50.86,50.22,50.32,49.42,50.40,49.22,49.88,49.07,50.82,49.64,49.08,50.08,49.15,50.39,50.04,49.83,50.35,49.02,50.23,49.57,51.22,50.37,50.20,50.05,50.18,50.75,49.42,48.91,50.27,50.05,49.59,50.92,50.73,51.71,49.46,49.95,50.12,49.19,49.81,50.44,50.55,50.63,48.86,50.57,50.84,51.06,49.94,51.37,48.56,50.46,49.52,49.87,50.36,49.31,48.32,50.16,50.50,49.16,50.45,49.42,50.21,50.51,50.79,49.42,50.33,49.46,49.80,50.52,50.29,51.41,50.49,49.58,50.45,49.96,50.09,50.09,50.20,50.50,49.30,49.22,49.86,49.82,49.89,50.08,49.50,49.63,49.78,49.20,50.15,49.98,48.82,50.05,49.63,50.01,51.12,50.72,50.11,49.90
2020-01-19,51.94,50.58,50.91,50.14,50.57,48.72,50.03,48.65,50.62,49.28,50.59,49.81,50.50,49.74,48.70,49.55,50.56,49.68,49.46,49.31,49.16,49.79,51.42,50.43,50.02,50.65,50.57,51.85,48.50,48.03,50.08,50.73,49.42,51.45,52.24,51.76,49.03,48.45,49.56,48.12,50.23,50.29,50.63,50.58,49.34,51.15,52.21,51.01,49.62,50.86,49.39,48.99,49.18,49.41,51.14,49.33,48.07,50.00,50.78,48.48,50.99,48.55,50.39,50.91,51.62,49.07,51.47,49.57,49.91,49.95,50.60,52.02,51.13,48.89,50.51,50.25,50.80,49.96,49.64,50.78,48.73,48.44,49.11,49.44,50.34,49.89,49.06,50.44,50.29,49.23,50.92,50.50,49.62,50.18,49.30,49.44,51.44,50.49,51.50,49.53
2020-01-20,51.23,51.30,51.06,51.73,50.13,49.65,50.42,48.53,50.30,49.22,50.68,49.73,50.37,49.71,48.62,50.84,51.17,49.41,50.37,49.13,48.25,48.54,51.88,50.16,49.66,51.09,52.29,52.91,49.61,47.85,50.06,50.64,49.66,50.62,52.11,51.36,48.80,48.53,49.31,48.66,50.91,50.72,50.81,50.42,49.36,50.61,51.73,50.74,49.47,50.78,50.32,48.90,49.38,49.17,51.74,49.97,48.49,51.70,50.41,48.03,51.64,48.88,50.69,51.81,50.39,49.58,50.41,48.73,49.92,48.83,51.59,52.47,51.07,48.62,50.63,49.77,50.61,50.57,49.72,50.62,48.51,48.91,49.71,48.99,50.34,49.37,49.46,49.74,50.43,48.87,51.11,50.24,50.00,50.64,49.45,49.16,51.72,49.61,51.21,50.37
2020-01-21,52.38,50.60,51.63,50.95,50.50,50.62,51.35,48.42,50.14,48.84,50.47,50.52,49.84,49.72,48.83,50.53,50.86,49.23,52.00,49.01,49.08,48.07,51.72,49.97,49.38,49.70,51.90,53.48,49.27,47.63,49.15,50.27,49.71,51.89,51.61,51.59,48.96,47.47,50.14,48.98,51.08,50.77,49.76,50.27,49.40,49.73,51.39,51.75,49.74,50.60,49.36,47.54,49.75,49.22,52.78,51.48,48.28,51.88,50.23,48.86,51.71,48.80,51.07,52.08,50.30,48.37,51.34,50.76,49.84,48.65,51.63,52.13,50.56,47.56,50.78,49.94,50.79,49.53,49.36,50.25,48.56,50.43,50.22,49.27,50.45,48.22,50.24,50.20,49.37,47.81,51.00,49.59,50.65,51.11,49.86,48.72,51.31,49.85,51.17,49.34
2020-01-22,51.44,49.72,51.31,49.32,50.03,50.44,51.81,48.12,50.83,49.42,50.49,50.79,49.94,49.55,49.57,49.73,50.33,48.45,51.73,47.86,49.76,47.24,51.62,49.59,49.70,49.10,52.14,53.47,49.01,47.17,48.68,50.28,49.46,51.67,52.12,51.36,49.00,47.74,50.46,49.54,51.90,50.40,49.28,50.35,49.23,49.53,51.53,52.26,49.11,50.36,48.93,47.90,49.73,48.04,53.55,51.04,48.85,52.36,49.81,48.01,51.89,48.09,51.42,50.89,50.25,47.50,50.46,51.96,49.53,48.30,51.37,52.37,50.80,46.79,50.89,49.92,50.68,50.06,48.01,50.85,49.28,50.41,49.99,49.12,51.48,48.07,50.16,49.54,48.19,47.91,51.44,49.21,49.67,51.28,50.20,48.79,51.62,51.09,51.14,48.66
2020-01-23,52.15,50.11,51.73,48.24,50.14,50.46,51.82,47.72,50.21,49.43,49.80,49.99,49.77,48.27,49.21,49.63,49.52,49.25,52.27,48.95,49.60,47.31,51.44,49.23,49.63,49.75,52.45,53.37,48.88,47.58,49.31,50.76,49.55,52.56,52.89,51.68,48.98,47.43,51.21,49.94,52.33,50.32,48.79,49.92,48.97,48.98,50.86,51.99,48.32,50.71,49.22,46.86,50.48,46.56,53.76,50.63,49.28,51.73,49.61,47.40,52.18,48.24,52.19,51.22,50.68,45.99,51.87,53.01,49.63,47.86,50.84,51.48,50.28,46.46,50.72,50.39,50.27,49.45,47.60,50.58,48.83,51.55,49.72,48.96,52.10,48.24,49.93,49.59,49.08,46.91,52.44,49.41,49.62,50.93,50.18,48.70,51.67,51.80,51.47,48.48
2020-01-24,52.09,50.13,51.81,47.24,50.19,50.57,52.49,47.87,51.53,49.48,48.56,51.36,49.97,49.53,47.91,49.04,49.37,48.74,52.14,48.74,49.24,46.92,51.69,49.79,49.30,48.98,52.89,53.75,49.55,48.25,49.13,50.78,49.45,52.47,53.70,51.29,49.35,47.24,51.43,50.91,52.19,51.02,48.89,48.57,49.04,47.65,50.84,52.86,48.00,50.40,49.06,47.26,50.66,46.45,54.61,50.41,49.86,51.58,49.61,46.13,53.08,48.47,51.71,51.03,50.51,45.88,51.92,52.64,49.80,47.37,50.79,51.42,50.93,46.45,51.22,50.37,49.56,49.49,46.94,50.92,48.88,50.72,50.05,48.49,52.85,47.94,50.32,47.99,48.15,46.44,53.63,49.20,50.00,50.99,49.98,49.38,51.77,51.86,50.95,47.85
2020-01-25,52.78,50.46,51.51,46.75,49.45,52.08,53.46,48.33,50.70,48.03,47.54,50.30,48.84,49.19,47.89,49.20,48.44,48.36,52.58,48.08,49.46,46.58,52.01,49.26,50.40,48.66,52.08,53.11,50.04,48.22,49.47,49.66,48.58,52.62,52.48,52.29,49.32,47.17,51.31,50.39,50.36,51.79,49.44,49.49,50.56,47.71,50.91,52.82,47.77,50.42,50.54,47.35,51.30,46.42,54.02,50.78,50.21,51.25,49.75,45.99,53.85,48.09,52.39,51.24,50.93,44.41,51.04,52.94,49.42,47.39,50.53,51.44,50.38,46.55,51.39,50.67,49.64,48.57,47.08,50.65,49.46,50.35,51.25,49.01,51.35,47.84,50.79,47.75,49.14,46.59,53.05,49.84,49.03,51.72,49.59,49.07,51.68,51.73,51.36,47.23
2020-01-26,52.47,51.11,51.23,47.44,48.90,53.11,54.00,49.35,51.60,47.75,47.08,50.57,49.95,48.97,48.48,48.97,48.23,47.96,51.36,47.51,48.80,45.47,51.80,50.06,50.84,48.07,51.57,53.58,49.60,47.79,49.42,49.21,49.29,52.72,52.15,53.05,49.51,47.66,51.28,51.62,50.21,51.89,48.84,49.80,50.28,47.50,51.35,53.00,47.94,49.52,50.78,47.71,52.01,46.87,54.40,50.84,50.70,51.48,49.98,46.54,53.80,48.22,52.46,51.33,49.79,44.47,51.27,52.22,48.46,48.00,50.41,50.36,50.34,45.83,50.60,50.73,51.39,48.95,47.53,50.95,48.82,49.10,50.90,49.06,51.26,48.21,50.86,48.00,49.14,47.24,52.69,50.22,48.51,51.20,49.94,48.84,52.30,52.52,51.20,48.10
2020-01-27,52.34,51.21,51.15,48.05,48.30,53.56,54.43,48.63,51.11,45.85,46.74,49.55,49.89,47.65,48.18,49.38,47.95,48.48,51.08,47.63,48.24,45.13,52.35,49.60,50.49,47.95,51.30,53.86,48.44,46.86,48.80,49.53,48.42,52.02,50.81,52.22,49.67,47.90,50.61,51.88,50.88,52.06,48.65,50.53,50.67,48.68,50.95,52.75,48.13,49.80,51.61,47.90,53.10,46.63,54.33,50.57,52.39,50.16,49.41,46.50,52.51,49.04,52.37,50.38,49.78,44.46,51.61,51.87,47.36,48.97,50.27,50.61,50.95,45.60,51.05,50.33,51.96,48.71,47.56,50.98,48.49,48.48,50.91,48.99,51.44,48.82,50.93,47.86,50.36,47.91,51.83,50.74,48.98,50.77,49.79,48.96,53.21,51.67,50.32,49.04
2020-01-28,52.48,51.69,51.35,47.38,47.56,53.91,53.99,49.52,50.39,46.36,46.95,50.32,49.76,47.34,48.76,49.27,47.93,48.35,50.13,48.13,48.66,45.98,51.63,49.28,49.96,48.19,51.84,54.10,48.77,46.32,48.62,50.31,46.99,52.18,50.41,52.33,48.45,47.68,50.55,52.52,51.58,52.39,47.87,50.05,49.89,48.22,50.86,52.33,48.78,49.45,52.12,46.42,53.56,46.56,54.09,50.45,53.63,49.79,49.33,45.65,52.85,48.47,51.89,50.82,50.19,43.98,52.03,51.67,47.47,48.82,49.90,51.04,50.32,44.89,51.26,50.49,52.29,48.52,46.78,50.81,49.10,48.61,51.18,49.61,52.13,49.80,51.32,47.99,51.22,47.57,51.44,51.55,48.85,50.51,49.68,48.47,52.68,51.57,50.10,48.05
2020-01-29,52.60,52.12,51.26,46.52,46.58,53.25,52.24,49.79,49.74,46.33,46.35,50.93,50.36,47.45,49.32,49.44,47.50,47.53,50.00,49.24,48.95,45.11,52.17,49.47,50.07,47.66,52.79,53.74,48.80,46.11,48.44,51.02,47.26,51.41,49.29,51.79,47.85,46.93,50.13,52.41,50.66,51.81,47.82,50.22,49.42,47.98,51.11,52.30,47.88,49.66,51.40,47.46,54.13,46.03,54.25,50.85,54.32,49.37,49.38,45.38,52.85,48.29,51.54,49.89,50.54,44.28,51.97,51.29,47.46,48.32,50.71,50.32,50.51,43.97,51.96,51.23,52.18,48.13,46.40,50.52,47.77,48.11,51.55,50.32,52.22,50.31,50.61,48.17,52.25,47.23,51.49,52.18,49.23,50.90,50.29,48.40,53.20,52.34,49.42,48.17
2020-01-30,52.19,50.98,50.98,46.84,46.78,53.10,52.76,48.74,50.88,46.38,47.01,51.31,50.26,46.69,47.78,49.78,46.88,47.80,49.56,49.85,49.17,44.79,52.39,49.85,48.75,48.33,53.54,54.12,48.13,47.96,49.91,51.10,48.62,51.46,48.65,52.50,48.81,47.65,50.45,51.69,50.34,52.22,49.41,49.86,48.52,48.89,50.55,53.75,48.23,49.59,50.20,47.48,54.76,46.26,52.70,50.00,54.94,49.22,48.70,45.04,53.63,48.14,51.32,49.15,50.89,44.55,51.61,51.97,47.55,49.05,50.28,50.53,50.77,43.61,53.26,50.89,51.54,47.01,47.16,50.26,48.26,47.93,50.36,52.26,52.83,49.60,49.47,48.08,52.36,46.73,51.56,51.03,49.96,51.06,49.23,47.96,53.85,52.37,48.71,48.16
2020-01-31,51.51,49.63,50.92,47.19,47.56,53.14,53.18,48.50,51.36,45.46,47.50,51.74,50.38,46.50,48.15,50.39,47.10,47.59,48.85,49.51,50.06,44.82,51.33,49.92,48.53,47.53,53.55,53.98,48.32,47.43,49.59,50.68,49.96,51.59,48.33,52.51,48.37,46.95,49.35,50.49,50.82,52.44,48.80,50.84,48.87,48.48,50.08,52.48,48.25,50.19,49.04,46.95,55.38,46.26,53.45,49.76,55.22,50.32,48.80,45.03,54.36,48.08,51.43,48.71,49.28,44.25,51.89,51.18,47.68,49.29,50.89,49.78,50.12,42.70,53.96,50.85,50.92,46.47,47.35,50.84,47.98,48.63,50.12,51.52,52.95,50.02,49.27,47.92,52.44,46.96,52.03,51.40,50.92,50.05,48.93,47.78,52.89,50.68,48.96,47.75
2020-02-01,51.72,49.74,50.62,46.66,48.59,53.72,53.70,48.28,50.58,45.75,48.07,50.74,51.05,46.38,48.27,50.41,46.95,48.72,48.47,49.27,49.88,44.95,50.37,49.00,47.97,47.83,52.76,54.25,47.47,46.82,49.76,50.36,50.33,51.38,47.90,53.19,47.22,46.69,49.49,50.49,49.90,52.79,49.73,50.80,48.83,48.74,50.18,51.97,47.80,49.42,49.21,46.75,56.04,45.30,53.61,49.86,54.27,50.29,49.65,44.35,54.46,47.93,50.76,48.70,49.23,43.85,52.30,51.48,46.21,49.23,50.11,49.77,50.04,42.95,53.73,49.83,50.85,46.17,48.04,51.73,47.81,48.18,50.21,51.90,52.84,49.97,49.79,48.32,53.12,46.54,51.79,51.57,50.46,50.12,48.50,48.28,54.10,50.69,48.59,47.94
2020-02-02,49.85,49.59,50.67,47.84,48.15,53.60,53.31,47.55,50.38,45.29,47.86,50.14,51.28,46.70,49.21,50.16,47.21,48.50,48.49,49.20,50.23,45.02,50.38,48.14,48.09,47.26,52.32,54.60,47.01,47.12,49.84,49.73,50.36,51.56,48.53,54.54,46.67,45.99,48.89,48.79,50.16,53.61,49.78,51.09,49.41,49.54,50.10,51.89,47.38,48.59,49.07,46.09,57.22,45.89,55.12,50.69,54.75,49.19,48.37,45.05,53.90,48.02,50.44,49.34,48.30,43.37,52.55,51.68,46.84,49.67,49.73,50.63,49.92,42.47,53.37,48.97,50.67,46.05,48.39,51.63,47.28,49.27,50.46,50.74,52.40,50.15,50.09,48.84,52.97,46.33,52.91,51.84,50.61,50.45,47.80,48.07,54.57,50.36,48.15,47.96
2020-02-03,50.71,49.31,50.83,45.77,47.50,52.69,53.14,49.17,50.40,44.47,47.03,49.41,51.24,47.53,48.75,50.22,46.61,48.37,48.49,49.36,50.28,45.88,51.36,48.15,46.21,47.02,52.98,53.46,46.98,47.47,49.70,48.90,49.70,52.27,48.33,55.78,46.74,45.35,48.70,49.11,49.25,53.10,50.74,52.09,49.61,49.62,49.39,52.33,47.29,48.33,48.78,46.19,58.67,45.53,54.40,50.76,53.83,49.09,47.20,44.91,54.00,47.80,51.36,49.90,48.25,42.78,53.20,52.93,46.79,49.77,49.49,51.44,50.31,42.48,52.56,48.80,49.08,46.38,47.00,50.15,46.36,48.94,49.60,50.20,52.39,50.65,50.29,48.70,53.44,45.77,52.15,51.36,50.34,50.49,48.93,47.73,53.86,50.62,48.56,49.17
2020-02-04,51.48,48.43,51.87,45.50,46.64,52.39,53.64,49.05,50.02,44.30,47.60,50.45,50.27,46.64,48.70,51.46,47.12,48.21,48.58,50.71,49.95,45.34,50.91,48.05,46.30,47.03,52.69,53.27,46.56,47.78,49.55,48.92,49.23,52.43,49.17,57.07,46.18,44.53,48.18,48.53,48.13,53.00,50.17,51.19,50.37,49.27,49.19,51.59,47.02,47.76,48.00,46.53,58.88,45.79,55.11,50.74,53.93,49.20,45.99,45.02,53.95,47.52,51.50,50.10,47.90,43.64,51.73,52.15,46.00,49.25,50.32,50.74,49.68,42.22,51.83,48.39,48.92,46.13,47.67,49.65,47.31,49.37,50.21,50.07,52.69,50.03,49.72,48.68,53.91,45.66,52.71,50.53,48.99,49.71,49.50,48.26,53.44,49.79,48.12,49.15
2020-02-05,51.46,49.44,51.23,45.19,47.08,51.55,54.29,49.42,50.97,44.37,47.33,49.94,51.16,46.43,48.45,50.92,46.46,48.26,47.88,50.72,50.06,45.41,50.30,48.18,45.56,46.54,52.88,53.03,46.95,48.43,49.52,48.32,50.45,53.45,49.73,57.47,47.05,44.67,47.99,47.87,48.25,54.22,49.50,51.46,51.32,48.09,49.19,51.52,46.72,46.87,47.85,46.65,57.98,45.25,55.22,49.74,52.62,48.81,46.05,45.08,52.51,45.54,50.85,50.89,48.30,43.37,51.47,52.40,46.21,49.53,50.89,50.97,49.60,41.41,51.55,48.30,48.77,45.91,47.54,49.50,47.27,47.90,49.80,49.49,52.61,50.94,49.88,49.57,53.47,44.87,51.59,50.86,48.05,50.44,48.47,48.51,53.32,49.33,48.02,48.36
2020-02-06,51.62,50.04,50.93,45.70,46.64,50.99,52.72,50.15,50.50,43.66,47.67,49.93,50.54,46.25,47.77,51.03,48.06,49.14,46.84,51.20,50.22,46.21,50.03,48.53,45.70,47.03,53.14,52.42,46.27,48.34,47.91,49.36,50.94,52.59,49.27,58.34,46.72,44.19,47.10,48.05,49.15,54.28,49.81,50.59,51.31,48.59,48.49,51.49,45.85,47.94,47.11,45.93,58.22,45.31,55.28,50.45,52.41,47.87,45.62,45.69,53.41,44.90,50.54,51.91,47.54,43.79,50.45,52.04,46.38,50.50,50.21,51.15,50.03,41.66,51.47,47.84,49.04,46.17,47.77,50.46,47.36,48.51,49.66,49.25,52.45,51.09,49.27,50.57,53.10,45.46,51.71,50.76,47.89,50.17,48.89,48.79,54.71,49.14,48.20,48.95
2020-02-07,51.42,50.01,50.75,46.34,46.45,51.42,52.31,52.82,49.45,43.20,46.37,50.79,51.06,46.26,47.84,50.34,47.34,49.23,46.88,52.27,49.19,46.06,49.67,47.60,45.73,46.34,54.27,52.65,46.05,48.88,47.94,48.23,50.94,51.65,49.17,58.00,47.16,43.59,47.50,47.38,48.83,53.46,48.23,50.74,51.03,48.36,50.01,52.50,46.30,47.94,46.77,45.68,58.46,45.53,56.39,49.30,52.14,47.89,45.67,45.23,52.99,44.38,49.99,51.94,47.73,43.33,49.73,52.13,45.99,51.19,49.01,51.22,49.78,41.96,50.42,47.18,48.30,46.78,48.36,50.09,46.22,48.29,48.97,49.30,52.51,51.77,49.48,50.41,52.75,45.54,51.84,51.35,48.06,50.20,48.98,48.47,53.61,48.63,48.33,49.16
2020-02-08,51.63,49.02,51.15,46.60,45.23,51.65,52.22,52.22,49.14,44.02,47.06,51.07,50.90,46.00,46.46,51.11,47.36,48.99,46.39,51.83,48.33,46.07,50.68,49.13,46.15,45.16,54.31,51.96,46.13,48.52,48.48,48.11,50.99,51.03,49.68,57.97,47.90,44.17,47.49,46.21,48.93,52.93,49.50,50.62,50.70,48.82,51.22,52.65,47.16,48.24,47.20,45.68,58.38,46.23,55.87,49.27,52.18,47.82,45.62,45.13,53.85,44.52,50.71,51.78,47.46,43.80,49.78,52.06,44.76,51.77,49.22,51.77,50.11,41.64,49.79,47.68,48.15,46.60,49.07,49.46,48.01,47.45,49.21,50.34,53.06,51.54,49.18,49.65,52.52,45.69,52.21,51.35,47.19,50.80,48.22,48.15,52.96,48.12,50.08,48.23
2020-02-09,51.38,50.37,51.11,46.77,45.81,51.71,52.70,52.88,48.82,44.21,46.45,52.02,51.39,45.91,45.86,50.88,46.30,49.08,46.39,51.55,47.69,46.79,48.76,49.27,47.31,45.48,53.96,51.00,46.79,48.57,48.54,48.12,50.50,50.87,49.43,57.48,48.56,44.19,46.92,46.25,49.59,53.71,50.06,50.13,49.76,48.17,51.73,52.22,46.31,48.89,47.01,45.84,58.37,45.32,55.15,49.78,52.44,48.02,44.80,45.03,54.15,45.16,49.97,51.39,47.85,43.47,49.31,52.21,45.32,51.49,48.94,52.55,50.31,41.08,50.02,47.59,48.23,46.13,50.04,50.82,48.50,46.94,50.42,50.32,52.96,52.54,49.54,49.74,52.29,44.81,52.52,50.72,45.86,50.74,47.99,48.84,52.68,47.73,50.03,48.27
2020-02-10,51.98,50.90,50.57,47.09,46.69,52.14,52.55,54.69,49.10,43.00,46.60,52.14,51.97,45.37,46.07,49.99,46.27,49.17,46.23,50.13,48.12,46.90,48.15,49.84,45.23,45.27,55.00,51.92,47.42,49.20,47.68,48.36,50.16,51.32,49.19,58.19,48.52,43.53,46.60,46.32,49.35,52.98,50.17,50.10,48.85,47.37,52.41,50.75,46.03,49.40,46.25,45.09,58.60,45.52,54.98,49.62,52.02,48.57,45.24,45.52,53.45,44.91,50.43,52.02,48.37,43.86,48.15,52.68,45.89,51.29,48.92,52.53,50.49,41.32,49.63,47.01,48.38,46.46,50.04,50.21,48.81,46.96,50.05,49.93,52.54,52.55,49.01,48.10,52.34,44.80,53.00,51.54,46.59,50.96,47.89,49.21,53.18,48.65,51.25,48.34
2020-02-11,51.82,50.94,49.57,46.01,46.16,52.36,54.14,54.56,49.55,43.30,46.70,51.66,51.40,44.46,46.08,50.28,45.68,49.37,46.02,50.01,48.00,46.94,47.75,49.75,45.30,46.47,54.39,52.09,47.43,48.29,48.01,48.45,50.88,50.82,48.33,58.99,48.46,43.30,45.23,46.61,49.28,53.36,49.79,50.30,49.21,47.15,52.00,50.65,46.92,50.10,45.70,44.90,57.56,45.63,54.00,48.82,50.25,49.13,44.96,45.35,53.32,44.61,50.30,51.54,50.14,43.67,47.53,52.22,45.17,52.39,48.26,53.68,51.01,40.46,48.82,47.16,48.02,46.52,50.95,50.73,48.66,46.55,50.16,49.90,52.40,52.99,49.21,47.81,52.31,44.75,52.28,51.54,46.10,50.45,46.78,48.81,53.29,49.48,51.03,48.08
2020-02-12,51.73,52.27,49.26,45.69,46.49,52.77,54.78,54.16,50.17,44.51,46.79,51.63,50.01,43.94,46.70,49.39,45.92,50.28,46.81,50.05,47.76,46.69,47.54,50.02,44.76,46.78,54.11,52.51,47.47,47.85,48.35,48.21,50.23,51.06,48.33,59.04,48.02,42.74,45.42,47.68,48.61,53.42,50.01,51.50,48.98,46.75,50.93,50.73,47.94,51.08,45.71,44.74,58.12,44.97,53.07,49.06,48.90,49.01,46.10,45.30,53.87,44.87,50.28,52.15,51.13,43.99,48.25,51.14,45.85,51.97,48.36,53.28,52.03,40.47,48.34,47.53,48.39,46.97,51.03,50.12,48.29,47.52,50.59,51.20,52.10,52.47,48.44,46.44,51.65,45.21,52.78,50.81,47.32,49.93,47.80,49.74,52.65,49.50,51.43,47.08
2020-02-13,51.08,53.44,48.81,46.12,45.37,52.66,55.96,53.79,49.75,43.83,46.33,53.33,49.71,43.56,46.91,49.64,45.75,50.87,47.35,49.48,49.06,46.43,48.13,50.08,44.93,46.31,53.99,53.21,47.32,47.57,48.82,48.43,50.55,50.57,47.67,58.92,48.74,42.61,45.67,48.21,48.41,54.25,50.11,52.13,48.12,46.05,50.87,50.80,49.04,51.92,45.86,44.58,57.91,45.36,52.34,49.96,49.09,48.87,46.13,46.15,54.96,45.14,49.90,51.12,51.10,43.91,48.13,51.49,46.87,52.15,47.95,53.60,52.69,40.72,47.99,46.97,48.11,46.79,50.69,50.00,47.96,48.09,50.16,51.31,51.05,53.41,49.40,46.08,51.94,46.09,52.61,50.37,46.64,49.59,47.79,49.59,53.07,50.32,50.93,46.93
2020-02-14,51.22,53.69,48.52,46.22,44.37,52.95,56.86,52.91,50.82,43.84,46.14,53.25,48.54,43.97,46.02,49.65,46.35,51.60,47.69,49.59,47.99,46.26,47.94,49.69,46.00,46.17,53.02,54.17,46.84,46.72,49.40,47.69,49.91,50.33,47.27,59.81,48.87,42.81,46.15,47.92,48.06,53.83,49.62,51.89,48.07,46.08,50.56,51.07,49.91,52.06,45.85,45.03,58.86,44.62,52.01,48.69,49.77,49.09,45.75,45.54,54.74,45.33,48.98,51.04,50.95,44.09,47.47,50.95,46.83,52.83,46.72,54.34,53.64,41.01,48.86,47.40,48.11,46.22,51.03,49.68,47.19,48.66,49.84,50.37,51.01,52.97,48.58,46.40,50.45,47.17,52.79,50.82,47.10,49.07,48.61,50.34,52.94,49.52,50.12,46.05
2020-02-15,51.25,53.43,48.99,46.27,44.72,52.76,57.23,52.13,50.99,44.75,45.87,53.18,48.21,44.10,47.38,49.58,46.11,52.43,47.52,49.30,48.07,46.87,46.90,49.55,46.19,46.34,52.58,53.85,47.29,46.95,49.96,47.44,50.24,49.16,46.67,59.49,48.17,42.28,46.54,47.28,49.12,53.60,48.90,51.50,47.95,47.09,50.15,50.63,48.77,52.02,45.52,45.11,57.35,44.92,52.01,48.42,48.95,48.98,46.31,44.60,54.20,45.79,48.30,50.89,51.16,43.51,48.20,51.11,46.08,51.74,46.57,53.06,54.28,42.14,49.26,47.15,48.04,45.89,51.49,49.38,46.90,48.35,48.97,49.28,51.14,51.99,48.13,45.56,49.92,46.69,53.10,49.84,48.15,49.54,48.85,51.51,52.03,49.85,50.48,45.92
2020-02-16,51.85,52.90,48.62,46.93,45.85,52.34,57.44,51.70,51.64,43.81,45.80,52.34,47.08,43.91,48.40,48.15,45.71,52.98,47.98,50.25,47.98,46.65,44.99,49.53,46.79,45.93,51.75,54.69,47.28,46.96,49.82,47.66,49.38,47.18,47.06,59.96,48.98,43.13,46.38,46.67,48.27,53.62,49.74,51.71,47.69,47.15,50.81,51.20,48.39,52.51,45.71,45.52,57.46,45.03,52.85,47.27,49.36,49.18,45.36,44.03,53.85,44.95,48.06,50.52,51.64,42.48,49.23,50.60,46.87,50.81,46.13,53.49,53.59,41.61,49.40,48.13,47.66,46.15,51.52,49.02,46.95,48.71,48.75,48.81,51.52,51.16,48.23,45.54,50.13,45.65,52.94,50.35,49.02,49.31,48.97,50.67,50.87,49.61,51.38,46.31
2020-02-17,51.14,52.39,49.68,46.58,46.24,52.85,55.81,51.97,51.64,43.90,46.19,52.56,47.69,44.14,47.77,48.75,46.24,53.47,47.23,48.72,47.38,46.48,44.94,49.41,46.66,46.48,51.66,54.27,47.14,47.28,50.74,47.93,48.29,46.52,46.84,59.84,49.24,43.25,45.41,46.01,47.52,52.76,49.18,51.04,47.95,46.52,51.79,51.27,48.05,52.48,45.57,45.10,58.50,44.56,52.53,46.52,48.88,48.95,45.23,43.62,54.21,45.03,48.67,50.10,52.46,42.14,49.61,50.96,46.44,51.29,46.47,53.36,53.99,41.41,50.00,48.77,47.17,46.65,50.67,48.64,47.21,49.51,48.49,49.44,51.47,51.76,48.12,45.46,49.47,45.18,53.74,49.73,49.71,49.10,48.80,50.83,51.05,49.16,50.77,46.25
2020-02-18,50.71,52.79,49.79,45.82,46.50,53.19,56.43,50.63,51.67,42.47,45.91,53.48,47.69,43.57,47.20,49.26,47.22,53.98,45.98,49.16,47.37,46.28,45.78,50.38,46.35,46.97,52.09,54.17,47.77,46.23,50.81,48.82,47.02,46.12,46.02,59.01,49.62,43.14,45.21,45.96,47.34,52.00,50.04,50.72,47.50,46.27,51.52,51.25,47.16,50.91,46.19,44.31,58.18,45.07,53.19,46.93,47.89,48.39,44.75,43.33,55.16,44.92,48.03,49.07,51.69,42.40,50.26,50.95,47.15,50.69,46.40,53.25,54.23,41.93,49.36,49.93,47.96,46.58,49.92,48.67,47.98,49.73,48.70,49.98,51.93,52.21,49.00,44.59,49.08,45.14,54.72,49.49,50.08,48.88,48.57,50.87,51.30,49.65,50.05,46.18
2020-02-19,51.00,53.15,49.42,45.71,46.23,52.92,56.09,49.89,52.09,42.48,45.54,53.88,48.05,43.31,47.27,48.94,47.41,54.32,45.91,48.73,48.04,46.24,45.90,50.53,46.62,47.12,52.29,53.86,47.42,45.87,50.26,49.15,46.98,45.85,46.85,59.37,49.04,42.87,45.18,46.56,46.14,52.67,49.93,51.46,47.53,46.60,52.47,51.03,46.54,50.26,45.59,44.27,57.79,44.86,53.56,46.63,47.64,48.96,44.69,43.94,54.88,45.72,48.78,49.38,50.92,42.65,49.33,51.69,47.00,49.96,45.95,55.12,54.89,42.67,49.77,49.03,47.55,46.04,48.71,49.44,48.28,49.98,48.45,48.70,51.63,52.22,49.13,44.49,48.85,45.37,54.57,49.16,49.24,48.33,49.77,50.97,51.86,49.57,49.60,46.43
2020-02-20,50.27,54.00,49.24,45.21,46.64,53.15,55.15,49.21,52.55,41.70,45.57,54.17,48.07,42.59,46.90,48.94,47.44,54.10,45.81,48.93,47.37,46.06,45.49,50.67,46.74,46.72,51.71,53.61,47.35,45.85,50.96,48.21,46.76,45.54,47.17,59.44,49.40,42.39,45.15,46.58,45.77,52.13,50.22,52.53,47.29,46.15,53.28,50.46,46.03,50.08,45.31,44.67,59.16,44.65,52.82,46.90,47.75,49.16,43.58,43.50,54.91,46.00,48.53,49.18,50.15,42.69,49.69,51.53,47.42,49.11,45.41,54.46,54.45,42.99,50.21,48.71,47.11,46.40,49.25,49.56,48.24,51.22,48.31,48.67,52.12,51.31,49.43,43.60,48.99,45.42,53.27,48.70,48.63,47.22,49.57,51.88,52.52,48.33,49.33,46.48
2020-02-21,49.08,53.15,49.12,45.66,46.49,53.94,55.39,49.98,52.13,41.45,45.42,55.27,48.26,41.61,45.95,49.53,48.64,54.49,46.59,47.60,48.11,45.65,44.54,50.42,46.91,46.39,51.80,53.57,46.94,45.36,50.98,48.00,46.42,45.65,47.10,58.81,49.99,41.95,45.31,45.90,45.20,51.48,50.48,51.67,47.32,45.61,53.14,50.80,45.80,50.02,45.78,44.87,59.45,44.48,52.19,46.56,47.81,48.53,44.20,43.52,55.49,46.47,49.41,49.35,49.90,42.32,50.35,50.85,48.23,48.66,45.89,55.19,53.18,42.73,49.45,49.29,46.11,46.54,49.47,49.65,48.73,50.70,48.78,49.45,52.54,51.45,48.87,43.08,48.44,45.16,53.46,49.17,48.45,48.47,50.51,50.96,54.27,48.75,48.58,46.84
2020-02-22,49.89,52.99,48.93,45.60,46.55,54.47,55.81,49.18,52.50,41.84,45.48,57.94,47.84,41.65,45.51,50.11,48.96,55.18,46.37,49.06,48.43,45.92,44.26,50.68,47.22,46.93,50.86,54.05,46.03,45.68,50.25,47.63,45.58,45.95,47.70,57.51,50.82,41.46,45.59,46.20,45.74,51.82,51.28,52.07,47.88,45.78,53.69,50.16,46.69,50.19,45.70,43.87,58.03,45.04,51.59,46.48,47.37,47.10,44.80,44.79,56.06,45.71,49.44,48.92,50.76,42.13,49.48,50.10,47.82,48.36,45.48,55.47,53.70,42.35,49.77,50.04,45.62,46.63,50.24,50.38,48.93,50.48,49.26,48.92,53.55,51.52,50.17,42.76,48.23,44.92,52.57,49.97,48.94,47.75,51.07,52.32,53.11,49.41,49.01,47.24
2020-02-23,49.82,52.21,49.42,44.32,46.81,53.89,56.25,49.51,51.69,42.64,45.28,59.11,47.64,42.24,46.04,50.13,48.25,55.97,46.43,48.70,49.27,47.47,44.16,49.95,47.36,46.67,50.93,54.05,45.31,45.60,49.30,47.37,45.13,46.33,47.87,57.78,50.21,41.45,45.49,47.95,44.92,52.79,51.12,52.33,47.55,45.49,53.50,50.66,46.43,50.03,46.34,42.95,58.22,44.43,52.12,47.07,46.69,47.08,44.35,45.06,56.13,46.23,49.15,49.51,50.85,42.91,49.13,49.97,48.16,47.91,45.11,55.35,53.32,42.48,49.39,49.98,46.59,46.84,50.38,50.87,49.46,51.78,50.16,50.17,52.74,51.63,50.48,42.48,47.71,45.36,52.17,50.70,47.66,47.96,50.52,51.97,52.41,49.86,49.46,47.36
2020-02-24,50.29,52.34,48.83,43.78,46.78,53.36,57.03,48.72,51.52,43.39,45.61,59.48,47.34,41.75,46.56,49.21,49.26,54.93,44.84,48.81,48.75,47.05,44.05,49.85,48.72,46.71,51.04,54.19,45.39,45.79,48.60,46.37,45.31,47.23,47.00,57.56,50.51,41.55,45.19,47.21,44.91,52.86,51.22,53.06,47.31,45.97,54.37,50.40,46.58,49.87,45.98,43.38,59.34,44.54,51.77,48.19,47.23,46.06,44.54,45.80,55.07,46.05,48.91,49.45,50.53,42.71,48.87,49.16,48.39,48.40,45.34,54.64,52.77,42.93,49.63,48.97,45.85,46.96,50.63,50.48,49.12,51.58,51.03,49.38,51.52,52.19,50.80,41.60,48.19,46.55,52.10,51.36,47.06,47.75,50.55,52.84,52.11,49.86,49.36,48.13
2020-02-25,49.82,53.17,49.77,41.75,46.72,53.48,56.23,48.65,50.48,43.18,45.97,59.55,46.87,42.18,46.06,50.02,49.63,54.17,44.61,49.57,49.55,47.77,43.93,48.33,48.39,46.68,50.39,54.42,46.62,46.43,49.39,46.01,45.17,47.64,46.90,57.30,50.31,41.69,46.16,47.26,45.12,53.34,51.11,52.86,46.67,46.45,54.30,51.59,46.42,49.80,45.87,43.37,59.00,45.21,52.14,47.51,48.21,46.23,43.54,45.36,55.24,47.07,49.50,50.04,50.39,41.65,48.38,48.78,48.59,49.34,45.61,53.94,52.40,43.44,49.25,49.44,45.32,46.64,50.39,50.14,49.13,50.66,52.02,49.24,51.21,52.72,50.71,42.50,47.62,46.82,52.48,50.21,46.70,47.69,50.62,52.43,51.27,49.77,50.28,48.38
2020-02-26,49.72,53.55,49.70,41.02,46.74,54.81,55.29,48.20,50.72,42.85,46.45,59.68,47.05,42.44,46.70,49.80,49.84,53.73,44.15,48.38,48.78,48.37,44.35,47.86,48.64,47.14,50.77,54.77,46.38,46.76,49.53,45.54,44.89,47.52,46.71,56.23,49.98,41.25,46.99,47.42,45.47,52.53,51.32,52.74,46.24,46.31,53.88,51.11,46.98,50.39,45.70,42.15,58.98,46.22,53.13,48.33,48.07,46.02,43.89,45.78,54.78,47.14,49.22,50.24,50.82,40.84,48.11,48.19,48.41,48.92,44.38,53.90,52.63,42.55,48.59,49.48,45.60,47.04,50.38,50.58,48.85,50.65,50.96,49.47,51.08,52.84,50.33,43.16,48.28,47.59,52.84,50.65,47.08,47.65,51.15,53.38,49.86,49.53,50.34,48.64
2020-02-27,49.77,52.83,51.06,40.51,46.59,54.73,55.14,48.76,51.33,44.17,46.32,58.23,46.35,42.19,47.35,50.23,50.12,53.30,44.42,48.62,48.47,48.71,43.09,48.33,48.55,47.11,51.35,54.78,45.45,46.75,50.23,45.40,44.35,47.00,46.33,55.25,49.20,41.30,46.91,47.76,46.25,53.77,51.83,52.75,46.23,45.97,53.99,51.52,46.27,51.17,45.56,41.02,58.14,45.69,52.29,48.36,47.54,47.14,43.87,46.30,55.08,46.44,49.45,50.42,50.49,41.17,48.42,47.98,48.24,49.89,45.06,52.92,52.65,42.30,48.78,48.97,45.31,47.63,49.67,50.81,50.74,51.18,49.43,49.77,51.79,51.31,51.02,43.39,48.57,47.33,52.25,50.50,47.59,48.06,51.21,52.48,49.77,49.40,50.59,47.89
2020-02-28,49.20,54.26,50.38,40.58,47.02,56.29,54.85,48.71,51.70,44.17,47.23,59.39,46.03,42.07,47.49,49.46,50.67,52.76,43.89,48.82,47.79,49.24,42.83,48.69,49.07,46.11,51.79,55.44,45.43,47.06,50.63,46.00,44.20,47.28,45.57,55.38,49.13,41.22,46.72,47.53,45.23,53.32,52.32,53.03,46.15,46.79,54.20,50.86,46.38,51.28,45.39,40.46,58.30,45.39,52.52,47.58,47.84,48.19,44.36,45.91,55.85,45.64,49.63,49.42,50.75,40.14,48.53,47.95,48.31,50.73,45.52,53.11,52.14,41.11,50.17,48.11,44.93,47.57,50.17,50.75,50.61,50.33,48.50,50.30,51.22,49.37,50.79,43.09,48.98,47.42,51.90,51.13,47.78,48.52,51.09,52.97,49.55,48.94,51.80,47.58
2020-02-29,48.76,54.97,49.99,39.88,46.83,55.44,54.58,49.12,51.56,44.71,47.10,58.82,46.81,42.57,47.14,49.52,50.32,53.19,43.18,49.53,48.29,49.56,41.91,47.95,48.89,46.40,51.88,55.84,45.79,47.30,50.33,46.29,44.20,48.03,45.41,55.16,49.87,41.52,46.96,47.28,45.19,52.82,52.59,54.62,46.92,46.38,52.94,51.28,46.72,51.23,46.37,40.66,58.40,44.72,51.36,48.07,48.51,48.38,42.93,45.31,54.93,46.47,48.69,50.21,51.47,39.01,48.70,48.60,48.13,49.54,45.55,53.57,52.16,41.92,50.29,47.60,45.04,47.29,50.43,50.79,51.43,49.48,48.81,49.87,51.70,49.48,51.04,44.22,49.45,47.71,51.79,50.49,48.17,47.57,50.98,52.68,50.68,47.91,52.61,48.16
2020-03-01,49.07,54.51,49.06,40.32,46.53,55.27,54.21,49.16,52.13,44.70,46.42,57.77,46.61,41.95,47.60,48.71,51.22,54.08,42.34,49.39,48.69,48.52,42.39,48.45,49.03,46.07,51.76,56.71,46.43,46.95,49.30,47.64,44.62,48.06,44.95,53.58,49.87,41.45,46.57,46.33,45.87,51.63,52.02,55.53,46.30,45.33,52.55,52.57,46.27,50.77,46.85,40.44,58.06,44.55,50.67,48.61,48.33,48.46,42.91,45.06,55.67,46.10,49.06,50.00,51.57,38.96,49.04,48.52,47.32,49.19,44.99,53.90,51.27,41.01,50.36,48.28,45.72,48.52,50.80,50.48,51.80,48.77,49.33,49.57,52.34,50.33,51.56,45.37,49.95,47.55,51.91,49.42,49.11,48.61,50.71,52.95,51.00,48.24,52.62,47.52
2020-03-02,48.57,52.96,49.43,40.69,47.50,55.83,53.90,50.55,52.73,44.92,45.58,59.27,46.28,41.35,47.40,48.37,50.66,54.40,43.46,49.57,48.59,48.70,42.52,48.21,48.93,46.22,52.51,56.58,46.63,47.50,49.45,47.39,45.74,47.11,45.75,52.71,50.47,42.02,46.04,46.42,44.93,52.15,52.33,54.91,46.40,45.39,52.28,52.84,46.40,51.09,46.93,40.68,58.26,44.95,50.69,48.78,48.59,48.71,43.40,44.98,55.93,45.98,50.22,50.44,51.88,39.08,49.92,47.76,47.35,49.03,44.60,53.26,51.23,41.11,50.19,49.05,45.01,48.83,51.23,50.45,51.36,48.35,49.23,50.35,51.74,50.93,51.02,45.66,49.38,47.06,51.53,49.72,49.32,49.18,51.69,52.59,51.39,48.85,52.08,48.21
2020-03-03,48.94,53.20,49.10,40.50,47.91,56.12,52.81,50.43,52.42,45.42,45.84,59.49,46.22,41.45,47.49,49.13,50.20,54.13,42.45,48.41,48.94,48.89,43.02,47.91,48.79,45.74,52.45,56.97,46.82,47.05,48.90,48.01,45.68,46.57,45.65,52.54,50.25,41.36,46.39,46.27,44.41,52.63,52.53,55.25,46.19,45.67,52.48,52.85,46.39,51.77,47.21,40.14,59.12,45.06,50.35,49.32,48.67,49.55,42.98,44.37,55.55,46.54,50.56,50.43,51.63,38.39,50.31,47.08,47.86,48.52,44.64,52.49,51.11,40.84,50.48,49.01,45.17,48.92,51.13,50.22,51.27,48.17,49.03,49.28,50.58,51.03,50.43,45.13,49.00,47.15,52.14,49.03,48.85,49.27,52.29,53.76,52.04,49.15,52.26,48.07
2020-03-04,47.53,53.77,49.52,40.01,48.41,56.03,52.28,50.06,53.02,45.85,45.50,61.32,45.41,41.81,46.60,49.76,50.65,53.74,42.45,49.51,48.41,47.94,43.09,47.69,48.07,46.18,53.92,57.52,47.23,45.55,49.48,47.19,45.65,45.57,46.99,52.59,50.02,41.47,47.36,45.98,44.59,52.49,51.15,54.38,45.97,45.77,52.15,54.08,46.29,50.72,48.19,39.63,58.41,44.81,51.08,50.50,48.94,49.64,43.76,45.03,56.86,46.72,49.85,50.73,52.36,38.60,50.69,46.74,47.66,48.66,45.31,51.96,50.87,41.23,49.86,49.99,44.68,48.47,51.72,50.72,52.16,49.45,49.17,48.53,48.44,50.16,50.49,45.46,48.94,46.99,50.86,49.46,48.60,48.65,52.86,53.88,51.75,49.86,52.06,48.39
2020-03-05,48.52,52.26,49.53,39.82,47.74,56.39,51.94,48.47,53.00,45.57,45.59,62.82,45.39,41.67,46.53,50.06,50.85,54.38,42.45,50.42,47.04,48.20,42.84,48.47,47.49,46.25,53.65,57.05,47.34,45.84,49.63,47.29,45.04,44.80,47.14,52.94,49.68,40.79,47.54,46.42,44.95,53.03,50.29,53.71,46.31,44.48,52.10,55.04,46.28,49.70,48.46,39.82,58.62,46.09,51.48,50.12,49.19,50.23,43.93,45.34,57.53,46.26,50.12,49.56,52.57,39.00,49.34,45.24,48.47,49.03,44.96,52.72,50.94,41.97,50.32,50.59,45.19,48.33,50.37,52.56,51.95,49.42,49.89,49.28,48.63,49.43,50.52,44.21,48.21,48.34,50.21,49.85,49.66,48.77,51.83,52.85,51.98,50.19,51.80,48.78
2020-03-06,48.80,51.78,48.84,39.67,47.80,55.67,52.21,48.24,52.25,45.32,46.34,63.92,45.83,41.66,45.92,49.94,51.37,54.31,43.13,50.08,47.45,47.78,43.50,48.35,47.52,46.85,53.02,57.22,47.30,46.53,49.90,47.45,44.83,44.00,47.34,52.20,48.26,40.50,47.51,46.01,45.30,52.70,50.78,53.86,46.71,44.61,52.58,55.18,47.36,49.49,48.24,39.72,58.82,45.90,51.64,50.10,48.73,50.16,43.62,45.43,59.60,45.98,49.40,49.74,53.40,39.85,48.47,46.60,47.22,47.51,45.68,52.10,50.86,41.77,50.54,50.54,45.31,48.71,51.15,51.93,52.32,48.65,50.43,48.50,48.37,49.21,50.97,45.02,47.87,48.15,50.52,49.93,49.98,48.26,52.01,51.79,51.70,50.64,52.09,48.19
2020-03-07,47.46,51.68,48.73,39.84,47.54,56.54,51.83,47.41,52.30,46.98,45.74,64.46,46.32,40.74,45.98,51.35,52.35,54.91,42.72,50.66,47.80,47.94,43.64,47.82,48.65,46.84,53.96,57.47,47.85,46.38,48.42,46.73,44.01,44.68,46.05,52.20,49.09,40.82,46.61,46.07,45.75,52.77,50.33,53.20,46.95,44.72,52.65,55.40,47.27,49.67,47.70,40.55,58.53,45.35,51.35,50.26,48.12,50.01,44.29,45.94,60.31,45.68,48.22,50.41,54.30,40.12,48.61,46.01,47.03,47.51,45.16,52.26,52.04,41.91,50.27,49.42,45.23,49.46,51.98,51.60,51.77,48.68,51.40,47.50,49.22,48.82,51.03,44.58,48.15,48.35,51.17,50.59,49.92,47.71,51.45,52.68,51.62,50.15,52.55,48.46
2020-03-08,47.59,51.62,49.26,38.95,46.87,56.46,52.44,47.03,52.66,46.43,45.87,64.55,44.72,41.53,46.38,51.79,52.42,53.76,42.51,51.39,47.72,48.76,43.62,48.57,48.57,46.57,53.15,57.21,48.70,46.29,48.73,47.77,43.98,43.89,45.32,50.68,48.79,40.45,46.41,46.46,45.34,53.43,50.86,53.09,47.47,45.14,52.45,55.38,48.10,50.12,47.24,39.62,58.84,45.73,51.03,49.97,47.00,48.86,44.30,45.20,59.82,46.26,48.62,50.11,53.52,39.80,48.25,46.84,46.72,47.76,45.95,51.75,52.61,41.95,50.13,50.60,45.94,49.32,52.07,50.61,50.79,49.13,51.36,47.05,49.24,48.88,50.95,44.01,48.32,48.17,50.92,50.32,48.84,47.19,51.00,53.16,52.27,49.96,52.19,49.30
2020-03-09,47.86,51.35,49.09,39.57,46.72,56.76,53.20,47.52,52.93,46.93,46.47,65.10,44.66,41.55,46.91,51.16,52.11,54.91,42.81,50.33,48.85,48.31,44.39,48.22,48.34,47.48,52.86,57.27,48.32,45.86,49.11,46.52,43.92,43.18,44.91,49.69,49.33,40.11,46.44,46.18,44.53,54.67,51.31,53.19,47.43,45.79,52.14,55.69,47.94,50.84,46.88,39.89,56.75,45.40,50.87,49.25,46.74,48.80,43.59,45.00,59.79,46.54,48.19,49.91,54.49,39.38,47.96,46.93,46.62,46.77,46.19,51.90,52.75,41.64,50.39,49.96,45.94,49.45,51.69,50.76,50.89,50.11,50.91,47.36,50.36,48.50,51.15,43.86,47.39,47.81,51.50,50.33,48.57,47.57,51.08,52.91,53.22,49.76,51.26,48.23
2020-03-10,48.25,52.67,50.07,39.80,46.54,57.12,52.38,47.20,52.73,46.45,46.53,66.01,43.98,41.41,47.36,52.01,51.19,54.54,42.43,51.23,49.88,48.80,44.16,48.35,47.97,48.42,52.39,57.49,48.98,46.65,49.68,46.46,43.47,43.70,45.49,50.47,48.06,39.29,46.54,45.65,44.90,54.18,51.73,54.25,46.94,46.08,50.94,57.19,48.51,50.45,46.51,39.37,56.16,45.49,50.50,50.08,47.40,48.83,43.55,44.89,59.12,46.45,47.40,48.88,53.67,39.85,47.90,46.91,45.86,47.60,45.33,51.19,52.50,41.76,50.09,50.11,45.15,49.76,51.58,51.60,52.51,50.61,51.94,48.46,50.75,48.79,51.25,44.07,47.10,48.05,50.76,50.09,48.67,48.44,51.35,51.79,52.95,49.79,51.11,47.89
2020-03-11,48.83,52.48,50.76,39.62,46.68,57.54,53.40,46.97,53.41,46.69,46.01,66.49,43.73,41.52,46.84,52.03,51.58,55.00,42.49,50.18,49.17,48.73,44.07,47.78,48.68,47.03,52.45,58.27,49.20,46.47,49.78,46.33,43.64,43.41,45.73,50.05,47.95,39.65,46.43,46.49,45.53,53.94,51.14,55.57,46.90,46.02,51.07,59.19,47.94,49.57,46.53,39.92,55.07,45.46,49.97,49.42,46.89,48.59,43.86,44.59,59.13,46.90,46.88,48.07,52.53,40.28,47.17,46.58,46.15,48.25,46.63,51.22,52.31,40.68,50.19,51.34,44.74,48.95,51.08,50.39,52.04,50.22,51.76,48.85,50.94,49.30,51.90,43.48,46.99,47.56,51.10,49.85,48.28,48.90,51.43,52.06,52.34,49.54,51.35,47.41
2020-03-12,48.40,52.20,51.69,38.95,45.79,57.36,52.97,46.86,54.73,46.17,45.39,65.24,42.87,40.43,47.66,52.96,51.98,55.39,42.17,50.18,49.46,48.32,43.86,47.78,47.90,46.81,52.30,58.29,49.81,46.90,49.25,46.98,43.91,43.57,45.35,50.77,48.17,39.02,45.84,47.09,45.29,54.29,50.62,55.87,46.41,46.70,50.90,58.13,47.89,49.70,46.73,40.09,55.55,44.70,49.85,49.13,47.60,48.35,43.95,45.06,60.54,47.31,46.82,47.70,52.67,39.06,47.16,46.84,45.95,49.25,47.61,51.33,53.00,40.08,50.10,50.45,45.31,48.59,50.30,51.15,52.69,49.51,50.66,48.88,50.64,50.08,51.91,43.29,46.50,47.13,49.34,49.79,48.01,48.84,52.59,52.35,51.43,49.27,51.48,47.91
2020-03-13,48.47,52.87,51.77,39.79,45.28,57.24,53.09,47.05,54.68,45.85,45.43,63.92,43.46,39.74,46.96,53.81,51.18,55.45,42.29,49.71,48.75,47.42,44.30,48.85,47.22,47.16,51.35,59.48,49.56,46.62,49.22,46.70,44.97,42.39,45.67,51.04,47.90,38.49,46.80,46.96,45.15,54.70,51.03,55.45,46.92,46.29,51.35,58.31,47.61,50.02,47.16,39.70,55.93,44.97,49.20,49.12,46.26,47.32,44.06,45.09,60.62,47.65,46.75,47.60,52.31,39.06,48.11,46.01,45.30,48.73,47.29,52.88,51.55,39.54,49.21,49.55,45.89,48.60,49.81,50.10,51.55,48.73,49.90,47.79,51.15,49.83,52.32,43.21,46.44,46.97,49.14,50.18,47.28,48.52,52.86,51.98,51.36,49.24,51.78,47.81
2020-03-14,48.12,54.03,51.89,40.32,44.89,57.88,52.90,46.48,54.67,46.57,45.17,62.31,43.64,38.74,46.82,52.88,51.88,56.08,41.95,48.31,49.26,47.17,43.13,48.54,47.75,46.78,50.38,59.57,49.34,46.29,49.51,46.10,45.22,42.25,46.12,51.91,48.14,38.07,46.10,46.55,45.03,55.54,50.70,56.02,46.72,45.49,51.39,57.93,47.33,50.07,47.30,39.52,56.20,44.18,48.15,49.06,46.94,47.50,45.71,44.90,61.04,46.93,46.03,48.53,52.66,38.98,47.58,46.19,46.24,49.21,47.18,53.02,51.54,39.16,49.00,49.29,46.98,48.25,49.82,49.14,51.35,48.48,49.91,48.21,51.27,49.78,51.31,43.01,46.62,47.27,50.03,50.53,47.71,48.67,52.05,51.67,51.26,49.32,52.07,47.76
2020-03-15,47.92,54.27,53.54,41.02,45.03,59.05,53.09,48.16,53.54,45.52,45.44,62.71,43.91,38.62,46.04,54.24,51.45,56.05,42.74,48.78,48.37,48.08,42.96,48.46,48.30,47.97,49.11,60.21,47.99,46.70,49.58,45.65,46.12,42.26,46.31,51.93,47.81,37.91,46.18,46.28,45.09,55.57,50.35,55.60,46.39,46.10,52.31,58.55,47.74,50.51,47.52,39.77,56.17,44.68,47.87,49.76,47.49,47.65,45.26,45.27,60.99,46.73,45.43,48.95,53.24,39.28,48.61,45.71,46.41,48.73,47.54,53.15,51.40,39.48,49.18,49.56,46.50,48.90,49.97,48.63,51.43,47.08,49.21,48.57,50.41,49.99,52.21,43.08,46.48,46.74,50.13,50.02,47.93,48.69,51.84,51.57,52.05,51.02,51.81,47.20
2020-03-16,48.35,55.01,52.82,41.48,45.39,59.04,53.48,48.39,54.10,45.25,45.17,63.56,43.56,39.66,46.77,54.63,51.18,56.58,42.89,49.52,48.05,47.19,43.41,48.11,47.97,47.70,49.52,60.20,48.06,45.82,50.12,46.66,46.01,41.96,45.32,52.39,47.73,38.46,46.08,46.35,43.92,56.70,49.15,56.46,46.34,44.55,52.14,59.75,48.67,49.94,47.81,39.49,55.29,44.63,47.67,49.44,48.14,47.26,45.09,46.06,60.87,46.50,45.83,49.35,52.39,39.00,48.36,45.12,46.06,48.57,47.79,52.51,51.75,39.25,51.06,49.44,46.99,49.97,49.55,49.63,51.38,47.04,49.00,48.97,50.82,49.45,52.42,43.37,47.47,46.64,50.52,49.63,47.81,48.94,52.25,51.10,50.18,50.60,52.32,48.09
2020-03-17,47.74,54.64,51.65,41.73,45.88,59.12,53.38,47.56,53.67,45.69,44.46,62.84,42.90,39.42,46.80,55.74,51.42,55.42,42.95,49.39,49.00,46.34,43.83,47.47,47.62,47.32,48.88,60.10,47.02,46.33,49.05,46.71,46.39,42.53,45.28,51.61,46.71,38.26,46.58,46.86,43.09,55.83,48.10,57.24,46.97,44.72,52.86,60.95,48.06,49.70,48.12,39.49,54.64,44.26,46.37,48.80,48.97,46.97,45.21,45.98,60.15,47.60,46.03,50.25,51.77,38.96,48.35,44.90,46.17,47.80,47.39,52.21,51.23,38.62,51.20,49.46,47.21,51.22,49.46,49.64,49.99,46.35,49.87,48.54,51.68,49.49,52.16,43.94,47.03,45.61,49.88,49.73,48.25,49.52,52.41,51.05,50.91,50.54,52.14,48.22
2020-03-18,48.16,53.68,52.75,42.29,45.35,59.46,53.76,47.85,53.97,45.58,44.04,63.62,42.50,39.95,46.69,55.75,49.96,53.34,43.75,48.80,49.25,46.00,43.41,47.74,46.52,47.29,50.43,60.41,47.07,45.73,49.46,46.54,46.95,42.35,45.10,51.66,47.08,37.97,47.05,45.70,43.48,55.85,47.76,57.26,46.82,44.32,52.08,59.56,48.59,49.59,48.03,39.65,54.85,43.75,47.18,48.11,49.54,46.70,45.94,47.02,60.44,46.71,45.74,50.17,52.07,38.94,48.70,45.24,47.00,47.76,46.58,51.75,50.72,39.15,51.01,48.96,46.79,50.79,49.76,50.01,50.24,46.29,49.56,47.69,51.69,48.90,52.42,45.42,46.79,46.03,50.43,49.30,49.32,50.03,51.96,51.19,51.08,49.91,51.45,49.22
2020-03-19,48.46,53.49,53.61,42.00,45.17,59.18,54.52,47.41,53.54,46.09,44.45,63.79,43.49,40.67,46.66,55.08,51.61,53.65,44.75,48.14,48.79,46.15,42.90,48.36,46.17,47.42,50.51,60.67,47.00,45.47,50.31,46.78,47.23,41.90,44.74,52.41,47.20,38.06,46.89,45.32,43.17,55.29,47.01,57.95,47.39,44.43,52.17,60.23,47.69,49.08,47.17,40.54,52.69,44.44,47.64,48.03,49.54,46.23,45.57,47.80,59.84,46.16,45.28,51.38,52.58,39.56,49.38,45.56,47.36,48.16,45.00,51.83,51.25,38.53,50.47,49.34,46.14,51.89,50.32,48.61,51.10,46.69,50.56,46.42,51.23,48.87,53.24,45.33,45.92,46.48,50.90,49.50,49.36,50.86,52.54,51.12,51.22,50.41,50.94,49.19
2020-03-20,48.21,53.27,54.33,41.94,44.58,58.25,55.15,47.71,53.49,45.89,43.99,62.08,44.13,40.57,46.71,55.28,50.52,52.67,44.56,47.58,48.40,45.91,42.77,48.84,46.85,46.70,49.56,60.73,47.30,45.36,50.61,46.01,47.19,42.92,43.93,52.50,47.90,37.18,46.42,45.37,43.90,56.18,46.83,57.29,47.24,44.98,51.82,60.25,48.27,50.69,47.29,40.47,51.75,45.38,49.00,49.04,48.98,46.53,45.25,47.04,60.24,46.47,44.41,50.85,53.02,39.85,49.57,46.37,47.36,48.25,44.87,51.93,51.85,39.33,50.47,49.02,46.89,52.44,49.78,48.70,50.48,46.57,50.90,46.05,51.17,49.44,53.03,45.17,47.50,46.56,50.91,49.77,48.74,51.46,53.06,50.90,51.92,49.64,50.61,48.69
2020-03-21,48.03,53.63,54.55,42.69,45.75,59.28,54.09,48.73,53.59,45.94,44.07,61.77,44.35,39.67,46.73,55.25,50.59,52.31,44.68,47.46,49.62,45.42,43.40,49.03,46.50,47.39,49.86,60.91,48.33,45.60,49.56,46.30,46.76,43.12,44.30,53.38,47.42,38.24,47.20,45.09,43.23,57.59,46.57,56.52,45.64,44.72,53.19,60.96,48.88,51.09,46.82,40.40,52.24,45.18,49.15,48.16,47.86,46.68,45.10,46.50,59.48,46.83,44.52,51.10,53.47,40.57,48.93,46.59,47.25,48.69,44.68,52.27,52.18,40.09,49.51,48.75,47.76,52.83,49.79,47.47,50.69,45.62,51.09,45.75,51.31,49.75,52.08,45.34,46.99,45.23,51.78,48.66,47.80,51.62,52.43,50.68,51.65,50.71,50.83,48.93
2020-03-22,48.41,53.17,53.68,42.25,45.45,60.26,53.36,48.09,53.35,44.78,43.75,61.87,44.23,39.49,47.26,54.58,50.52,52.90,44.30,47.95,49.65,46.17,43.57,49.44,47.09,47.49,49.87,61.07,47.29,44.47,48.80,45.07,46.30,43.41,43.84,54.00,46.75,39.10,47.90,45.26,43.40,56.66,47.25,56.69,46.06,45.27,52.15,61.35,49.80,51.80,46.99,41.43,51.70,46.11,48.70,48.12,48.33,47.30,45.59,47.38,59.32,46.80,44.73,50.44,54.02,40.57,49.23,46.25,46.54,47.93,45.35,52.03,51.82,39.86,49.62,47.58,47.44,53.09,49.39,46.71,50.63,46.46,50.33,45.50,51.35,49.47,52.97,45.63,46.28,46.27,52.05,48.59,48.48,52.78,52.06,50.50,50.22,50.84,50.82,48.90
2020-03-23,48.47,54.61,53.33,42.34,45.55,60.83,53.07,48.59,53.27,44.83,43.50,60.77,44.61,39.64,47.71,53.59,50.20,51.82,44.40,47.59,49.92,46.17,43.45,50.33,47.04,47.43,50.07,61.36,47.06,44.81,47.87,43.55,46.47,43.52,43.20,53.55,47.79,39.24,47.92,45.40,42.06,56.14,47.55,56.23,45.29,45.12,51.86,61.96,48.34,52.09,47.29,41.26,51.20,46.46,48.75,47.98,47.70,47.88,45.27,47.09,59.53,46.66,44.25,50.68,52.06,40.85,49.18,46.32,47.20,48.15,45.08,50.95,51.84,38.89,49.79,48.90,47.58,53.27,49.95,46.30,49.89,45.82,50.34,46.66,50.63,50.09,53.30,45.26,46.29,45.59,51.89,49.35,49.23,51.47,51.36,49.43,49.85,50.75,51.40,48.55
2020-03-24,49.06,54.04,54.26,42.41,45.89,60.99,52.93,48.46,51.56,45.23,42.86,59.80,44.10,39.76,46.95,53.36,50.94,52.31,44.34,47.86,50.27,46.07,42.73,50.45,47.20,46.90,49.50,62.03,48.04,44.30,48.40,43.30,46.41,43.64,42.76,53.69,48.86,40.08,47.30,45.23,42.93,56.13,48.39,58.36,45.19,45.62,52.32,60.42,47.81,52.15,47.64,41.31,50.93,45.87,48.76,48.07,48.34,48.10,45.18,47.13,59.89,45.82,43.10,50.65,51.94,40.21,49.05,45.54,46.65,47.67,43.97,51.11,52.09,39.64,49.69,48.40,48.81,54.17,50.62,46.29,49.14,45.16,50.14,46.68,49.88,48.82,52.52,43.81,45.82,43.90,52.16,49.58,50.13,51.82,50.99,49.45,50.01,51.47,51.39,48.21
2020-03-25,49.21,52.76,53.89,42.31,46.02,60.63,53.47,48.89,51.09,44.93,43.14,59.55,44.74,39.07,46.81,52.05,50.83,52.23,42.95,47.57,50.11,46.05,43.18,50.75,47.09,46.61,49.52,61.96,48.76,44.01,47.67,42.44,45.42,44.72,42.58,53.14,48.84,40.18,46.88,44.69,43.96,56.70,49.03,58.36,45.47,46.38,53.73,60.12,47.22,51.57,47.05,41.09,51.66,46.19,48.39,47.37,49.07,47.36,45.72,47.10,60.19,46.03,42.29,50.49,51.25,39.74,49.01,46.22,47.21,46.97,44.56,50.68,52.80,39.93,49.82,49.79,49.26,55.84,50.12,44.94,48.70,44.57,50.76,46.71,49.76,48.26,53.17,44.72,45.60,43.74,51.85,50.41,49.97,51.94,51.30,49.85,49.78,51.97,50.14,47.50
2020-03-26,48.90,52.86,54.11,42.13,46.77,60.23,53.17,47.56,50.92,45.05,43.63,60.10,44.94,38.96,46.57,52.66,51.09,51.70,42.68,47.19,51.37,46.22,42.75,50.27,46.82,47.71,49.28,60.52,47.61,43.49,46.90,43.29,46.18,44.60,42.61,52.68,48.65,40.69,47.43,46.03,43.76,56.61,49.03,58.69,45.57,46.50,52.85,60.24,47.92,51.70,48.11,40.51,50.92,46.69,47.99,47.63,49.11,47.07,45.01,47.06,61.43,46.10,42.66,49.96,49.59,38.35,49.59,46.78,46.28,47.38,42.75,51.13,52.78,39.28,49.88,49.87,50.98,55.69,50.45,44.37,48.19,43.80,51.52,47.51,50.51,47.65,52.64,44.64,45.53,44.29,51.36,49.87,49.78,51.71,51.87,49.36,49.72,51.67,49.48,48.45
2020-03-27,48.14,52.99,54.66,42.29,46.36,59.93,53.78,46.96,49.45,45.33,43.74,59.69,45.36,38.96,45.90,51.46,51.81,51.54,43.70,46.83,51.58,46.23,43.87,50.27,46.53,47.11,49.33,59.68,45.64,44.63,47.54,43.25,45.31,44.60,41.78,52.54,48.86,40.91,46.33,46.16,43.58,57.36,49.99,59.04,45.55,46.20,53.32,60.75,47.85,51.66,48.72,40.17,49.89,46.33,49.47,47.55,49.47,46.91,44.70,46.24,61.52,46.56,42.83,50.11,49.63,37.78,49.22,46.33,46.84,46.99,42.08,50.57,53.25,39.20,50.81,50.22,52.08,55.91,50.64,44.41,48.49,43.62,51.46,47.57,49.74,48.58,53.70,44.02,44.91,44.05,51.63,49.66,49.53,52.39,51.16,49.00,50.52,51.45,49.12,48.66
2020-03-28,48.49,52.73,54.06,42.27,46.18,59.01,53.08,46.71,49.24,45.20,42.65,59.12,44.73,37.70,45.36,51.28,51.93,52.14,42.97,47.69,51.99,45.99,43.36,50.53,45.70,46.86,48.34,59.74,45.64,44.57,46.37,43.82,45.56,43.86,42.26,52.51,48.93,40.46,47.00,47.04,43.38,58.53,49.73,60.03,45.39,46.09,54.70,58.15,47.21,52.23,49.52,40.51,49.83,47.21,49.96,46.38,49.64,46.26,45.39,46.79,61.42,45.83,42.67,50.38,49.42,38.24,48.32,46.45,46.82,46.88,41.85,50.14,52.24,39.48,49.77,49.72,51.46,54.49,50.59,43.39,48.13,43.71,51.28,47.75,49.98,48.68,54.40,44.55,44.02,44.37,53.38,50.14,50.81,51.64,51.13,48.64,49.71,52.12,49.87,47.83
2020-03-29,47.80,52.74,54.25,42.24,45.51,58.52,53.85,46.20,49.43,44.44,42.58,59.81,44.49,37.26,45.54,50.07,51.81,52.04,42.17,46.92,51.99,46.13,42.93,49.93,45.31,45.33,48.31,60.09,46.86,44.10,47.00,42.72,46.22,44.84,43.62,52.17,49.63,39.94,47.90,46.74,43.46,57.95,48.87,60.56,46.24,46.48,53.27,58.15,47.76,52.52,48.92,41.39,50.02,47.95,50.23,46.43,50.78,46.97,46.02,46.89,61.74,46.34,42.65,50.16,49.50,38.12,48.83,46.55,46.93,47.83,42.76,50.94,52.22,39.78,49.24,50.33,52.29,54.15,50.34,43.24,47.53,43.37,51.18,46.31,50.30,48.09,54.57,44.86,44.64,44.07,54.08,49.68,51.41,50.89,50.54,49.22,50.47,50.54,50.93,48.60
2020-03-30,48.11,51.62,54.00,41.53,45.60,58.73,55.06,46.03,49.58,43.80,43.34,59.19,44.34,37.50,46.00,48.65,52.82,51.84,43.94,47.34,52.37,46.51,41.78,49.75,44.85,46.47,48.49,59.77,46.56,43.20,45.67,42.53,46.19,45.10,44.04,51.58,49.19,39.94,46.88,46.13,44.21,56.92,47.90,61.27,44.98,46.43,53.28,58.55,47.00,52.65,48.77,41.28,49.76,48.02,50.19,46.00,51.09,46.34,45.43,46.34,61.80,45.71,42.99,50.50,49.22,37.21,49.03,46.03,46.93,48.42,43.06,51.13,52.23,40.65,49.37,50.74,52.28,53.50,50.20,42.92,46.86,43.30,51.64,45.39,50.20,47.65,53.75,44.56,44.07,43.83,54.13,49.72,49.88,50.67,51.01,49.97,50.37,50.45,50.59,49.14
2020-03-31,48.65,51.35,53.85,42.06,45.20,57.02,55.02,46.44,48.21,43.83,43.53,59.19,44.50,36.98,45.54,47.97,53.42,51.92,44.23,47.69,52.63,46.93,41.47,50.55,45.29,47.37,49.38,60.16,45.56,42.99,44.76,41.91,45.56,44.41,43.87,50.90,48.11,39.93,46.83,45.66,43.45,55.97,48.18,61.41,45.76,46.53,52.45,59.21,46.81,52.88,48.00,40.57,49.96,47.97,51.27,45.86,50.89,46.58,44.76,46.58,61.54,45.42,43.38,50.36,48.97,36.61,48.79,45.71,46.13,47.35,43.15,50.79,51.52,40.74,48.13,50.57,51.85,53.04,49.86,42.30,46.71,43.21,50.86,47.25,49.24,47.53,54.10,44.25,44.19,44.46,53.22,49.48,50.24,50.48,49.84,48.97,51.08,50.98,50.05,49.06
2020-04-01,47.68,52.00,53.96,42.30,45.20,57.36,54.88,45.72,47.95,44.44,42.85,58.50,43.58,35.22,46.49,49.04,53.59,52.67,44.09,47.84,52.52,47.29,41.84,50.94,44.75,47.14,47.66,60.89,45.68,42.52,44.87,41.73,45.85,44.94,44.05,51.40,48.88,39.61,46.37,45.44,42.67,55.57,48.87,62.03,46.66,45.73,52.23,59.08,46.68,52.85,47.76,40.27,50.29,47.50,50.31,45.46,51.34,46.58,44.71,45.72,62.41,45.36,43.39,50.69,47.89,36.20,49.11,45.34,47.23,47.81,44.21,51.23,51.14,40.64,48.70,49.63,52.05,52.54,50.35,42.46,46.56,42.95,49.81,47.37,48.94,47.69,54.38,44.18,44.77,43.33,54.65,50.33,50.17,50.07,49.42,48.81,49.85,50.16,50.02,50.16
2020-04-02,48.06,51.82,55.54,42.39,45.20,56.65,53.76,45.30,47.80,45.02,41.83,57.54,43.13,35.50,46.53,49.28,53.47,54.07,43.54,47.56,52.15,46.58,41.78,50.46,44.28,46.65,47.21,60.75,45.97,42.20,44.47,42.10,45.14,44.71,43.37,51.55,48.75,39.33,45.89,45.06,42.36,55.99,49.41,61.03,46.45,46.79,51.63,60.66,46.50,52.13,48.01,41.05,50.26,46.89,49.33,45.96,52.47,46.88,44.63,46.44,61.61,44.76,43.34,51.09,47.30,35.93,48.64,45.99,48.30,48.91,44.03,51.44,51.41,40.42,48.86,49.70,51.29,51.79,51.17,42.24,46.71,43.26,48.92,47.74,48.82,47.59,53.71,44.46,44.40,43.74,54.12,50.85,48.95,51.81,50.04,48.69,49.83,51.43,49.85,49.68
2020-04-03,49.08,50.97,55.69,42.48,45.49,55.85,53.11,45.40,46.88,44.74,41.41,56.12,43.23,35.55,46.74,49.21,52.75,54.09,43.81,47.22,52.37,47.05,42.34,50.41,44.78,46.37,47.38,60.43,45.53,43.11,44.56,41.90,45.14,44.77,43.17,50.26,49.18,39.82,46.19,44.09,42.34,55.72,49.46,60.88,46.22,46.59,52.34,60.49,46.01,52.06,48.46,40.91,50.84,47.06,50.02,44.60,53.08,46.57,45.02,46.86,63.09,44.45,43.49,50.21,47.34,36.11,47.98,46.05,47.34,50.43,43.90,51.66,50.54,40.57,48.19,49.42,50.96,50.40,52.00,42.26,48.16,43.55,48.29,48.22,49.52,47.19,54.34,43.37,43.79,43.28,53.62,50.18,49.94,51.49,50.16,48.59,48.31,50.74,49.64,49.51
2020-04-04,48.53,50.19,54.40,42.16,44.89,54.74,52.97,45.22,46.47,45.16,41.31,55.65,43.78,35.85,45.26,49.18,52.44,53.38,44.69,48.71,52.47,47.22,42.06,50.37,45.00,47.40,48.33,58.64,45.46,44.48,44.54,41.31,46.38,44.96,43.25,50.61,48.90,39.69,45.64,43.46,42.18,55.53,49.45,61.29,46.47,47.03,52.17,60.86,45.63,51.88,47.62,40.57,50.74,47.43,49.10,44.20,53.99,47.10,45.10,45.94,61.92,44.68,43.31,50.16,48.22,36.13,48.52,45.46,46.62,50.22,43.04,51.49,50.11,41.16,48.58,48.51,49.65,50.79,52.18,42.65,48.11,43.20,47.11,48.37,49.46,46.74,54.08,42.99,43.37,43.62,52.76,51.07,49.51,51.76,50.26,48.52,49.37,51.26,49.00,50.54
2020-04-05,48.48,50.19,54.23,41.60,44.35,54.90,53.20,44.97,47.63,44.64,41.58,55.75,43.84,36.45,46.11,48.78,51.49,54.17,45.02,48.01,52.48,47.76,42.87,51.22,44.45,46.45,48.71,57.88,44.18,45.03,44.31,41.53,45.88,45.31,43.34,49.61,48.26,40.06,45.60,43.90,42.43,54.55,48.76,61.04,46.72,47.45,51.56,61.24,45.20,51.63,48.78,40.16,50.91,47.61,49.80,44.58,53.88,46.96,45.40,46.19,61.15,44.10,43.15,50.22,48.03,35.96,48.80,45.40,46.44,50.54,42.50,52.25,49.36,41.11,48.55,49.29,49.02,51.67,51.54,43.26,47.58,42.64,46.70,47.60,48.81,47.27,53.07,43.47,42.90,43.46,52.52,51.63,48.67,51.26,51.29,48.53,48.58,51.46,49.16,50.13
2020-04-06,48.47,51.13,53.65,42.74,44.55,56.00,53.16,45.02,47.48,45.75,41.56,56.70,44.53,35.33,45.55,49.11,51.09,54.32,43.80,47.92,54.33,48.06,42.91,51.57,45.19,46.67,48.79,58.07,43.80,46.36,43.71,41.09,45.23,45.47,43.34,49.58,48.21,40.33,45.79,42.83,42.73,54.57,49.46,61.08,46.91,46.80,51.42,62.54,45.79,51.37,47.82,39.87,50.68,47.30,49.64,45.09,52.65,47.32,45.98,47.22,61.45,43.53,43.58,49.64,46.47,36.38,47.66,45.39,46.46,50.19,42.20,52.39,49.80,40.61,47.71,49.46,49.03,51.67,52.17,43.97,47.58,42.52,46.49,47.89,49.37,47.81,53.36,43.18,43.42,43.59,51.33,51.53,48.05,51.36,51.18,48.72,47.52,51.10,48.96,50.49
2020-04-07,49.50,51.19,53.25,42.70,44.66,55.03,53.68,45.54,47.17,45.30,41.61,57.06,45.12,34.60,44.36,49.21,50.28,55.98,44.13,48.62,54.39,48.55,42.77,51.83,45.39,46.65,49.96,57.67,42.71,46.12,42.69,40.42,44.77,46.60,43.41,49.30,49.05,40.08,45.33,43.31,42.87,54.58,49.18,60.06,46.08,46.83,51.98,63.38,45.78,50.02,48.74,39.52,51.35,48.26,50.04,44.37,53.13,47.40,45.42,46.97,61.37,42.89,43.09,50.63,45.67,36.13,48.17,44.57,46.07,49.55,41.58,52.17,49.67,41.10,47.63,48.98,48.98,52.65,51.25,44.06,46.75,42.03,46.54,47.47,48.63,47.53,53.08,42.92,43.63,43.24,51.43,51.33,47.40,51.29,51.08,49.13,47.44,51.10,48.90,49.62
2020-04-08,48.38,50.06,53.94,42.90,45.24,55.15,54.39,45.51,46.50,45.38,42.29,56.95,45.08,34.93,44.32,47.93,50.46,54.89,43.71,48.89,54.41,49.23,42.60,50.74,46.01,47.20,49.34,56.61,42.33,46.15,42.54,40.04,45.34,45.71,43.90,49.49,49.59,39.78,45.06,43.36,43.01,54.14,49.60,60.43,45.64,46.20,51.54,63.08,45.43,50.19,47.96,39.24,51.30,47.65,49.90,44.37,53.62,48.94,44.85,47.52,61.05,42.39,43.70,50.84,46.45,35.39,48.47,44.41,45.57,49.29,41.38,51.05,48.71,40.44,47.45,49.34,49.38,52.74,50.67,44.27,46.18,41.45,47.01,47.61,47.97,46.49,54.39,43.02,44.38,43.17,50.74,52.40,46.87,51.07,51.27,49.59,46.49,51.71,48.03,49.62
2020-04-09,48.32,49.61,54.06,42.85,45.28,54.02,53.08,46.85,46.96,44.61,41.71,55.99,45.62,35.06,44.97,48.60,51.28,53.53,44.09,49.60,54.75,48.85,42.83,50.61,46.90,47.07,49.96,56.41,43.64,46.06,43.17,40.49,45.70,46.05,43.65,48.71,49.26,39.76,44.06,42.61,42.44,53.67,49.23,60.00,46.55,45.93,51.70,63.64,45.75,50.00,47.50,39.58,52.21,48.29,49.17,44.40,54.27,49.89,45.18,47.35,59.83,42.23,44.17,50.98,45.84,34.55,48.62,44.12,45.90,48.91,41.88,51.33,47.32,40.99,47.68,49.57,48.89,53.35,49.54,43.83,45.97,40.42,47.16,47.44,46.44,46.36,55.80,43.57,43.93,42.82,49.57,51.93,47.57,51.16,51.61,48.35,46.72,51.90,47.27,48.83
2020-04-10,47.48,49.67,56.05,43.11,45.49,54.25,53.28,46.22,47.06,43.60,40.59,55.54,45.80,35.11,45.00,49.35,51.35,53.78,44.35,49.64,54.04,49.56,41.93,50.91,48.32,47.48,49.86,56.90,43.08,45.77,44.18,40.79,45.53,46.19,43.84,48.75,49.22,39.45,44.29,42.75,42.22,54.56,48.39,61.02,47.41,45.49,52.49,62.61,45.63,50.17,47.50,40.28,52.18,49.21,48.85,44.20,53.76,49.22,46.17,47.76,59.20,41.46,44.91,51.03,46.28,35.48,48.05,43.64,45.16,49.32,42.16,50.67,47.66,41.30,47.97,49.31,49.01,53.72,50.33,44.24,46.14,39.94,46.87,47.11,47.54,47.17,56.79,43.46,43.02,42.56,48.75,52.58,46.77,51.58,50.80,49.62,46.79,52.37,46.86,49.22
2020-04-11,47.07,49.83,57.18,43.31,44.13,54.32,53.59,46.59,46.34,44.44,40.59,54.11,46.06,36.14,45.01,48.33,50.93,53.59,44.22,50.13,54.38,49.64,42.06,51.18,48.53,47.86,50.43,56.66,42.71,45.58,43.98,40.98,44.71,45.68,44.44,49.57,49.54,39.49,44.23,43.31,42.26,54.91,48.69,62.67,47.24,46.18,52.81,63.29,46.11,50.00,47.94,39.18,52.60,48.84,48.41,44.45,53.42,49.15,45.93,47.59,58.32,41.74,46.07,51.23,46.75,35.40,48.32,44.04,45.73,48.29,42.45,50.29,48.96,40.61,48.58,49.23,49.85,54.51,49.59,44.10,46.72,40.11,47.86,46.16,47.56,46.13,55.95,43.26,43.47,43.55,48.83,52.58,46.62,51.93,50.36,49.57,46.41,52.49,46.58,49.18
2020-04-12,47.49,49.67,57.14,42.61,43.57,53.84,53.94,46.76,45.91,44.50,41.09,53.71,46.12,35.61,45.41,47.70,50.02,53.97,42.86,49.87,54.45,50.28,42.42,50.99,48.34,47.85,50.17,55.06,42.25,44.84,43.65,40.43,43.53,45.84,43.44,49.63,48.81,39.09,43.94,42.94,42.15,54.87,49.12,63.22,47.79,45.62,52.48,62.95,45.87,50.12,46.99,38.69,52.58,48.92,49.01,44.41,53.53,49.05,45.99,48.03,58.58,41.28,46.23,51.27,47.54,35.64,47.65,44.37,45.33,49.26,43.10,50.00,50.62,40.51,49.43,48.81,51.30,53.41,48.56,44.15,47.09,40.42,47.38,46.00,47.31,46.74,57.01,42.82,43.97,44.27,48.88,53.58,46.54,52.13,51.64,49.30,46.30,51.56,46.41,49.72
2020-04-13,46.83,49.45,57.58,42.74,43.13,53.53,53.14,46.35,45.70,44.76,40.36,54.74,45.76,35.01,45.26,47.09,49.32,53.75,42.82,49.29,55.34,49.81,42.32,51.35,49.22,46.91,50.52,55.46,42.16,44.80,44.25,40.74,43.60,45.81,43.36,49.45,48.96,38.85,43.66,43.08,41.86,54.21,48.37,62.54,48.21,45.71,51.98,63.71,46.59,49.96,47.12,38.23,51.41,48.41,47.66,44.48,51.74,49.73,45.15,48.11,57.45,40.84,46.56,52.05,47.51,36.17,48.10,43.72,45.80,48.26,43.42,49.76,49.97,41.94,48.60,49.43,51.51,52.98,48.21,43.92,47.05,39.30,47.99,45.86,46.64,47.53,55.51,41.71,43.61,44.04,48.23,53.87,46.23,52.27,52.86,50.14,46.22,53.11,46.22,49.20
2020-04-14,46.04,48.60,57.10,42.67,43.85,53.35,53.65,46.33,44.87,44.71,40.23,54.46,46.22,35.01,44.86,46.86,48.55,54.04,44.25,49.91,54.24,49.95,42.51,51.56,48.97,46.58,50.55,56.36,42.78,45.08,44.52,40.02,44.00,45.40,42.87,50.03,48.97,38.87,43.53,44.48,41.76,54.71,47.49,62.67,49.37,45.21,50.34,61.63,46.03,49.78,46.36,37.92,52.02,48.39,47.38,43.73,52.16,49.94,45.26,48.46,56.97,40.80,46.39,51.70,47.03,36.41,48.20,43.51,45.16,48.59,43.20,49.16,50.21,41.34,48.52,50.54,50.78,53.16,47.87,42.88,47.11,39.48,48.19,45.32,45.73,47.68,54.54,42.79,43.08,44.49,48.23,53.33,46.61,51.79,54.03,49.81,47.13,52.52,45.67,49.13
2020-04-15,46.52,47.12,56.07,42.70,43.23,52.69,54.09,46.19,45.52,44.65,40.89,54.02,46.39,34.81,44.39,46.44,49.15,53.55,45.65,49.21,54.33,51.30,41.87,50.18,48.82,47.50,50.53,56.10,43.60,45.37,44.17,39.58,42.80,45.67,42.93,50.43,48.95,38.48,42.83,44.76,41.40,55.22,47.16,61.48,50.27,45.51,50.07,62.74,46.31,50.35,46.58,37.03,51.37,48.04,48.49,43.24,52.30,49.82,46.29,47.36,57.95,41.42,46.53,52.07,46.72,36.31,48.74,44.67,46.09,48.63,42.48,49.33,49.97,41.30,48.63,51.62,51.09,53.00,48.35,41.87,47.88,38.97,48.01,45.63,46.20,47.23,54.38,42.60,44.03,43.56,48.57,52.71,46.28,51.69,53.85,51.18,47.27,52.64,46.15,48.76
2020-04-16,47.13,47.19,55.60,42.34,42.90,54.04,53.77,47.54,45.85,44.96,40.22,53.78,46.93,34.81,44.76,46.14,48.75,53.15,46.32,49.45,55.33,51.00,41.97,49.57,48.97,47.74,51.87,56.43,43.69,45.80,44.14,40.10,42.79,46.09,42.97,50.59,48.35,38.73,42.42,44.75,41.28,55.94,46.61,61.35,49.91,46.49,50.71,62.15,46.05,49.69,47.56,36.74,50.43,47.97,46.87,43.30,52.77,49.46,45.59,46.61,57.82,41.86,45.07,51.63,46.99,35.42,49.55,44.85,46.15,47.95,41.99,48.75,50.79,40.86,49.63,51.72,51.57,53.09,48.11,41.51,48.37,38.95,48.61,44.96,45.83,47.96,53.73,42.44,44.41,43.25,49.11,53.65,47.31,51.72,54.31,51.88,47.47,52.07,45.18,49.16
2020-04-17,47.34,47.19,56.20,42.71,42.76,55.01,52.62,46.99,45.96,45.75,40.32,53.14,47.57,34.97,45.17,44.65,48.25,53.57,45.76,50.68,55.74,50.16,41.69,48.71,49.05,47.01,51.68,56.70,43.91,44.77,43.55,41.21,43.41,46.28,42.42,51.35,48.95,39.02,42.07,44.87,40.66,55.55,47.06,62.21,51.34,45.58,50.49,62.33,45.49,49.28,48.02,37.07,49.06,47.89,47.38,43.43,53.50,49.21,46.22,45.02,59.88,42.47,44.93,52.73,46.79,34.80,49.38,45.48,45.66,47.72,42.25,48.99,51.60,41.53,49.08,51.38,51.91,53.62,48.25,41.40,48.44,38.31,48.32,44.49,46.30,48.24,52.99,42.57,42.96,42.68,49.84,53.76,47.06,51.97,53.44,51.84,47.47,51.21,45.36,48.18
2020-04-18,47.34,47.56,57.34,42.23,42.56,54.59,52.37,46.54,46.35,46.93,40.88,53.27,47.57,34.70,46.10,44.50,48.49,52.68,44.32,50.06,56.36,50.78,41.07,47.79,49.15,46.76,50.38,55.89,43.62,44.98,43.30,40.96,43.78,46.93,42.07,52.07,49.43,39.48,42.56,45.21,39.57,56.71,47.12,61.00,50.88,45.25,50.10,62.98,45.49,49.80,47.98,36.63,49.78,47.69,47.85,43.68,54.07,48.73,45.89,45.32,59.16,42.52,45.44,53.01,46.56,35.20,48.38,46.13,45.13,47.78,42.10,48.79,51.82,40.88,49.78,51.17,51.98,53.20,47.83,41.62,48.37,38.83,47.60,43.40,45.60,48.62,52.76,43.10,44.18,42.64,49.36,54.90,46.75,51.56,51.78,52.23,48.19,51.03,44.89,47.87
2020-04-19,47.20,46.98,56.24,43.28,41.57,55.22,51.97,45.98,46.01,46.87,40.25,52.76,47.97,33.82,45.80,44.99,48.00,51.80,44.16,50.83,56.60,51.00,40.76,48.54,48.58,45.96,49.71,56.16,43.53,44.49,43.48,41.09,44.03,46.28,42.85,52.09,49.56,39.86,42.83,45.46,39.54,57.09,47.69,62.82,50.17,45.02,50.83,61.65,44.84,49.61,48.82,37.55,50.40,47.74,48.23,43.73,53.93,48.58,45.85,45.20,59.18,42.46,44.94,53.00,46.34,34.22,48.45,46.32,45.35,47.28,42.81,48.85,51.97,39.92,50.64,51.44,51.92,52.43,48.07,41.04,47.83,39.67,47.67,43.56,45.76,48.99,52.73,43.03,45.07,42.59,49.96,54.44,47.96,50.51,51.41,51.86,47.53,50.26,44.18,48.35
2020-04-20,47.30,46.85,56.39,43.18,41.37,55.86,52.17,46.53,46.13,47.47,40.31,53.05,48.55,33.28,46.13,45.67,47.45,50.44,43.71,51.26,56.34,52.07,41.06,48.17,47.44,46.59,50.12,55.15,43.36,43.78,44.11,41.86,44.56,46.28,42.77,53.06,48.62,39.00,42.65,45.79,39.90,57.32,47.97,64.29,50.97,44.34,50.74,64.04,45.29,49.15,47.70,36.96,50.07,46.81,48.39,43.28,53.48,48.27,45.58,45.29,58.74,42.35,44.18,53.10,46.85,34.04,48.82,46.37,45.79,47.46,42.87,48.63,50.73,39.49,49.71,51.52,51.45,52.97,47.56,40.94,46.69,39.31,48.17,42.74,45.48,49.41,53.33,43.64,45.60,42.35,50.51,54.15,47.56,50.46,51.71,51.41,47.54,49.62,44.97,48.48
2020-04-21,45.86,46.81,56.81,42.27,41.42,54.60,52.42,46.86,46.71,48.22,39.32,53.46,48.29,33.79,46.18,46.21,46.80,50.59,43.76,51.51,55.30,53.06,41.45,47.56,47.36,46.72,49.53,54.99,43.92,44.72,43.94,42.50,44.33,47.22,42.67,54.04,48.98,38.35,42.72,45.47,39.70,57.47,48.11,64.12,50.19,44.06,50.47,63.41,45.38,49.30,47.33,36.43,49.72,47.52,48.27,43.85,53.84,47.82,46.01,45.58,58.35,42.61,45.25,53.41,46.71,33.88,49.23,46.00,46.02,46.35,43.12,49.70,51.30,39.34,50.01,50.53,51.74,52.55,46.42,40.80,47.11,39.30,47.74,42.58,44.89,49.14,53.71,43.50,44.36,42.43,49.72,53.62,47.86,51.20,51.55,51.90,47.88,49.02,44.84,47.68
2020-04-22,45.64,46.24,55.42,42.77,41.86,55.10,51.82,47.42,45.86,48.20,38.82,53.85,47.79,34.21,45.55,46.39,47.22,49.41,44.04,51.68,55.40,53.53,40.41,46.94,47.43,47.19,49.84,55.74,43.28,44.36,44.04,42.54,44.05,47.83,42.54,54.32,48.32,38.99,42.46,45.21,40.52,56.72,48.64,64.57,49.22,43.54,50.04,63.08,45.18,49.58,48.41,36.59,50.66,46.79,48.93,43.23,53.48,46.52,45.93,45.26,57.71,41.09,45.16,52.96,46.37,34.14,49.22,45.99,47.13,45.74,42.84,50.48,51.73,39.08,49.19,50.24,52.70,52.94,46.43,40.70,46.74,39.61,47.24,41.53,44.15,49.97,53.89,43.16,44.73,42.84,50.78,53.68,47.71,50.69,51.72,51.11,47.48,49.33,44.37,47.54
2020-04-23,44.80,46.75,54.81,42.88,41.56,55.03,51.56,47.37,46.24,48.23,38.12,54.10,48.55,34.40,45.37,46.57,46.67,48.69,44.33,52.12,55.92,53.14,40.57,47.46,46.97,46.79,48.27,55.17,43.83,44.64,44.08,42.11,43.16,48.33,42.56,54.85,48.55,38.79,42.16,45.41,40.15,57.51,48.60,65.41,49.96,43.20,49.83,61.31,45.55,50.51,47.95,36.49,50.44,46.37,48.64,44.14,53.26,46.75,46.96,44.92,57.31,41.59,45.11,53.77,45.93,34.42,49.95,46.45,46.58,45.54,43.30,50.17,52.10,38.89,49.69,50.08,52.32,53.50,45.79,39.91,46.98,39.27,47.35,41.91,43.98,50.67,54.24,43.31,44.67,43.17,51.67,53.07,48.75,50.74,50.68,51.93,47.65,49.27,45.44,47.41
2020-04-24,44.53,47.00,54.98,42.76,41.03,53.18,51.99,48.47,46.44,48.60,37.85,54.06,48.16,35.11,44.95,46.89,47.14,47.90,43.49,52.36,55.64,54.33,40.73,47.76,46.52,47.62,48.12,55.11,43.56,44.37,43.02,42.46,42.71,47.80,42.92,54.84,49.11,38.94,42.89,45.80,40.19,57.00,48.24,64.48,49.90,43.31,50.39,61.59,45.33,50.70,47.07,37.28,52.02,45.87,48.51,44.83,53.20,46.42,47.91,43.66,58.31,41.65,46.15,53.62,45.71,34.47,49.67,46.87,47.40,44.84,44.02,49.48,50.92,38.39,49.55,50.25,52.47,52.79,45.84,39.66,46.77,38.96,46.66,40.98,44.41,49.85,54.51,44.27,44.85,43.38,50.55,53.83,50.11,50.38,50.64,53.18,47.19,49.21,44.77,47.51
2020-04-25,45.44,47.25,54.91,43.38,40.84,53.16,53.28,48.71,47.58,50.04,37.21,54.34,47.80,35.30,44.03,46.66,46.58,48.05,44.24,52.54,55.33,54.26,40.08,47.52,46.61,47.65,47.80,55.27,43.14,44.97,42.95,41.85,42.05,47.52,43.40,54.53,48.54,38.65,43.09,45.68,40.55,58.38,48.92,65.55,50.13,43.02,50.89,61.72,45.31,50.28,48.18,37.59,51.37,46.44,48.63,46.24,52.40,46.59,47.16,42.93,57.92,41.37,45.93,54.63,46.39,34.91,49.45,46.94,47.11,44.77,45.34,48.84,51.83,38.51,49.80,50.35,51.19,52.20,46.11,40.18,46.50,39.37,46.64,41.18,44.56,50.22,54.10,44.42,44.81,42.65,50.40,52.89,50.42,49.88,51.36,53.05,46.83,49.08,44.28,46.81
2020-04-26,45.52,46.48,53.95,43.48,40.06,51.52,52.69,48.20,47.07,49.36,37.25,54.07,48.50,35.13,44.10,47.31,45.77,48.14,44.42,52.90,56.47,56.14,40.71,48.45,47.03,47.21,47.19,55.34,43.19,45.54,43.81,41.73,41.84,46.93,43.80,54.85,48.25,38.87,42.50,46.56,40.31,58.37,49.52,65.92,50.93,42.55,50.60,62.68,46.21,51.03,47.98,37.10,51.11,46.72,49.45,46.26,52.19,47.19,47.90,42.81,58.38,41.44,46.47,54.40,46.21,34.92,50.40,47.45,47.58,44.41,45.62,48.18,50.26,38.50,50.31,49.93,50.47,52.86,46.34,39.84,46.85,39.72,46.49,41.96,44.69,49.81,53.60,45.18,44.23,41.87,50.48,53.31,50.56,49.56,51.45,52.30,46.24,49.08,44.37,47.27
2020-04-27,45.36,47.18,54.73,44.28,39.83,52.09,52.62,47.83,46.55,49.22,36.71,53.92,48.92,34.98,44.26,46.62,45.14,48.86,43.96,54.09,55.92,57.51,40.42,48.00,48.54,46.27,47.06,55.40,42.92,45.03,43.18,42.03,41.16,46.63,43.70,54.70,48.02,38.40,42.03,46.08,40.26,58.33,49.38,66.17,49.33,42.67,50.39,63.56,45.44,51.81,48.42,36.82,51.13,46.61,49.33,45.75,51.91,47.27,48.08,43.09,59.51,41.53,46.39,54.32,46.80,35.43,50.19,47.50,47.48,45.16,44.78,47.23,50.51,39.56,49.87,49.07,49.21,52.36,46.10,39.17,46.66,40.01,46.81,41.34,43.71,49.86,53.59,45.31,43.67,41.87,50.68,52.71,50.76,50.24,50.67,51.95,45.17,49.52,45.06,47.12
2020-04-28,45.54,48.08,54.10,44.29,39.51,52.77,51.64,47.17,47.09,48.01,37.07,54.67,49.05,34.48,44.40,45.24,44.94,48.82,43.08,54.15,55.56,56.69,40.69,47.50,48.51,47.32,46.34,54.96,43.53,44.76,43.02,42.44,41.38,45.87,42.89,54.45,48.49,38.45,42.74,46.17,39.92,57.58,49.87,65.87,50.19,43.17,50.65,64.50,46.02,52.09,49.12,37.42,51.62,46.10,49.30,46.48,52.39,47.78,47.94,43.92,59.82,41.85,46.27,54.16,46.11,35.28,49.43,47.18,47.50,45.79,44.69,47.25,50.49,40.21,49.86,48.93,49.91,52.81,45.71,39.55,46.17,40.30,46.89,40.84,43.63,49.61,54.56,45.63,43.83,41.15,50.08,54.00,50.91,50.41,50.54,51.12,45.37,49.73,44.06,47.58
2020-04-29,45.55,47.31,53.14,43.13,40.31,53.47,51.26,47.13,46.90,47.79,36.75,55.13,48.59,34.12,43.93,45.54,44.52,49.27,43.35,54.78,56.33,57.21,40.59,47.15,47.57,47.05,46.11,54.49,43.42,44.65,42.95,42.81,42.36,46.31,42.74,54.93,48.07,38.85,43.60,44.97,39.98,56.30,49.66,66.07,51.46,42.48,51.33,64.40,46.17,52.03,49.49,37.00,51.99,46.38,49.60,46.99,53.06,47.09,49.24,44.56,59.60,42.17,45.57,53.76,45.59,34.80,48.97,47.07,47.65,45.74,44.57,47.26,49.68,41.20,50.83,48.95,50.52,52.34,45.85,38.71,45.74,40.08,47.75,41.15,43.91,49.48,54.66,46.01,44.76,41.70,49.67,52.89,50.83,49.39,50.66,50.73,46.07,49.31,43.85,47.92
2020-04-30,45.68,48.20,53.82,44.13,41.45,53.65,51.13,47.74,46.48,47.19,36.27,54.60,49.47,33.66,44.34,46.89,44.08,49.98,43.39,54.47,55.72,57.10,41.26,46.50,48.04,46.83,45.99,54.37,43.01,45.17,43.76,42.67,42.12,46.48,43.03,53.71,46.55,38.69,43.89,45.64,40.09,55.53,50.49,65.75,51.08,42.44,50.98,64.46,47.02,52.37,49.42,37.20,52.18,47.22,49.82,47.04,53.69,48.24,49.97,45.27,58.98,42.05,46.74,53.04,45.41,35.68,48.59,47.38,48.08,45.87,44.65,47.34,48.97,41.56,50.92,48.67,51.58,52.70,44.70,38.97,46.43,40.19,47.75,40.48,43.78,50.36,54.36,45.88,44.22,42.48,48.84,53.38,50.60,50.04,50.65,49.62,44.83,48.31,44.16,47.66
